0x00ae7020	CommonChristmasFatherGiftLayer
0x00ae7048	iMoleVillageAppDelegate
0x00ae7070	PopularItemsPKData
0x00ae7098	HelloWorldLayer
0x00ae70c0	RootViewController
0x00ae70e8	MainMenu
0x00ae7110	GameSoundManager
0x00ae7138	TMActionKeyInfo
0x00ae7160	TMActionInfo
0x00ae7188	TMAnimationInfo
0x00ae71b0	TMSpriteFrameCache
0x00ae71d8	InGameScene
0x00ae7200	GameManager
0x00ae7228	Map
0x00ae7250	Porter
0x00ae7278	VillageLayer
0x00ae72a0	MoleAnimation
0x00ae72c8	TMAnimation
0x00ae72f0	TMAnimations
0x00ae7318	TMAnimationManager
0x00ae7340	Object
0x00ae7368	ObjectManager
0x00ae7390	Farm
0x00ae73b8	ObjSelector
0x00ae73e0	EditMenuLayer
0x00ae7408	UserInfoLayer
0x00ae7430	TreasureRabbitData
0x00ae7458	VillageMenuLayer
0x00ae7480	CropFrame
0x00ae74a8	TMFrame
0x00ae74d0	TMFrameManager
0x00ae74f8	BuildingFrame
0x00ae7534	Coord
0x00ae7548	FriendListData
0x00ae7570	NearbyUser
0x00ae7598	LatestVisitedInfoData
0x00ae75c0	VisitedStatisticsInfo
0x00ae75e8	ChristmasVisitedStatisticsInfo
0x00ae7610	MessageFromFriends
0x00ae7638	DriftBottleMessage
0x00ae7660	PurchaseInfo
0x00ae7688	PetsFound
0x00ae76b0	AdInfoData
0x00ae76d8	ServerLinkData
0x00ae7700	TaomeeUserInfo
0x00ae7728	LoginReward
0x00ae7750	InAppPurchaseInfo
0x00ae7778	InAPPPurchaseReciept
0x00ae77a0	TimeQuestDataInMap
0x00ae77c8	VipQuestDataInMap
0x00ae77f0	DailyQuestList
0x00ae7818	DailyQuestDataInMap
0x00ae7840	DiscountInfo
0x00ae7868	ShareCommentReward
0x00ae7890	DivineObject
0x00ae78b8	CaribbeanObject
0x00ae78e0	UserVIPInfoData
0x00ae7908	DailySignInfoData
0x00ae7930	GameData
0x00ae7958	ShopItemData
0x00ae7980	ObjectLocalData
0x00ae79a8	ObjectData
0x00ae79d0	CCMultiColumnTableView
0x00ae79f8	CCScrollView
0x00ae7a20	CCTableView
0x00ae7a48	CCTableViewCell
0x00ae7a84	CropCell
0x00ae7a98	CropViewLayer
0x00ae7ac0	FindPath
0x00ae7ae8	Actor
0x00ae7b10	ActorManager
0x00ae7b38	BaseTask
0x00ae7b60	BuildingTask
0x00ae7b88	PlantingTask
0x00ae7bb0	RestTask
0x00ae7bd8	WanderTask
0x00ae7c00	EasterEggGetRewardLayer
0x00ae7c28	FindWorkTask
0x00ae7c64	Screenshot
0x00ae7c8c	PhotoFrameCell
0x00ae7ca0	CameraLayer
0x00ae7cc8	MoveLayer
0x00ae7cf0	Building
0x00ae7d18	MainMenuScene
0x00ae7d40	GiftData
0x00ae7d68	AvatarIconData
0x00ae7d90	NpcData
0x00ae7db8	UserInfoData
0x00ae7de0	HourGlass
0x00ae7e08	AlarmFlag
0x00ae7e30	CropInfoView
0x00ae7e58	GoldSprite
0x00ae7e80	XPSprite
0x00ae7ea8	MessageBox
0x00ae7ed0	NotificationTimes
0x00ae7ef8	RemoteMapData
0x00ae7f20	TMMapDataBase
0x00ae7f48	TMMapDataFarm
0x00ae7f70	TMMapDataBuilding
0x00ae7f98	TMMapDataSpacials
0x00ae7fc0	TMMapDataFirework
0x00ae7fe8	TMMapDataShop
0x00ae8010	TMMapDataShip
0x00ae8038	TMMapDataRestaurant
0x00ae8060	TMMapDataTransObject
0x00ae8088	TMMapDataApartment
0x00ae80b0	TMMapDataSuperShellTree
0x00ae80d8	TMMapDataCafeShop
0x00ae8100	TMMapDataRewardBox
0x00ae8128	TMMapDataYellowDuck
0x00ae8150	TMMapDataWaterTower
0x00ae818c	NpcAvatar
0x00ae81a0	BuildingView
0x00ae81c8	Bridge
0x00ae81f0	CCClipZoneLayer
0x00ae8218	GameRoomState
0x00ae8240	GameRoomFlag
0x00ae8268	AnimalAnimation
0x00ae8290	Animal
0x00ae82b8	NpcAnimation
0x00ae82e0	GamePlayGoView
0x00ae8308	Ladder
0x00ae8330	AWaitTask
0x00ae8358	TimeOutControlValueWord
0x00ae8380	NetworkManager
0x00ae83a8	AWanderTask
0x00ae83d0	NpcActor
0x00ae83f8	NWanderTask
0x00ae8420	MiniBase
0x00ae8448	TeamRewardData
0x00ae8470	PunchBoxManager
0x00ae8498	MiniGameManager
0x00ae84c0	StableAnimation
0x00ae84e8	ActivityForecastSecondLayer
0x00ae8510	Tile
0x00ae8538	AvatarLayer
0x00ae8560	FriendsVillageLayer
0x00ae8588	FriendVillageUnit
0x00ae85b0	AchivementLayer
0x00ae85ec	LevelChooseCell
0x00ae8600	LevelChooseLayer
0x00ae8628	QuestLocalData
0x00ae8650	QuestData
0x00ae8678	StoryStepData
0x00ae86a0	StorySectionData
0x00ae86c8	Story
0x00ae86f0	StoryLayer
0x00ae8718	InAppPurchaseManager
0x00ae8740	GreenRiceBallActivityInfoData
0x00ae8768	SFHFKeychainUtils
0x00ae8790	AsyncReadPacket
0x00ae87b8	AsyncWritePacket
0x00ae87e0	AsyncSpecialPacket
0x00ae8808	AsyncSocket
0x00ae8830	Reachability
0x00ae8858	NpcPrompt
0x00ae8880	NaramSpringIntroduceLayer
0x00ae88a8	NetworkCommand
0x00ae88d0	MVPacketHeader
0x00ae890c	InvalidKeyException
0x00ae8920	CryptUtils
0x00ae8948	Quest
0x00ae8970	QuestLayer
0x00ae89ac	MBProgressHUD
0x00ae8998	MBRoundProgressView
0x00ae89e8	SpringPoemIntroduceLayer
0x00ae8a10	LoadingLayer
0x00ae8a38	ArrowSprite
0x00ae8a60	MovableIcon
0x00ae8a88	CutFruit
0x00ae8ab0	MinerGame
0x00ae8ad8	LevelUpLayer
0x00ae8b00	CutFruitAchivement
0x00ae8b28	CutFruitLevelChoose
0x00ae8b50	MinerAchivement
0x00ae8b78	MinerLevelChoose
0x00ae8ba0	PersonalTargetLayer
0x00ae8bc8	CCBlade
0x00ae8bf0	TouchTrailLayer
0x00ae8c18	TestLayer
0x00ae8c40	Fruit
0x00ae8c68	SpacialObject
0x00ae8c90	OutputHanlder
0x00ae8cb8	OptionLayer
0x00ae8ce0	HelpLayer
0x00ae8d08	GiftLayer
0x00ae8d30	WiltWarning
0x00ae8d58	WiltWarningLayer
0x00ae8d80	PlowAchivement
0x00ae8da8	Plow
0x00ae8dd0	PlowLevelChoose
0x00ae8df8	FishingAchivement
0x00ae8e20	CCRotateAround
0x00ae8e48	FishingGame
0x00ae8e70	Top10DisplayLayer
0x00ae8e98	FishingLevelChoose
0x00ae8ec0	BugAchivement
0x00ae8ee8	BugGame
0x00ae8f10	BugLevelChoose
0x00ae8f38	Level1
0x00ae8f60	Level3
0x00ae8f88	Level4
0x00ae8fb0	Level2
0x00ae8fd8	FlyKiteGetRewardLayer
0x00ae9014	BackgroundSprite
0x00ae9028	PaintingAchivement
0x00ae9050	PaintingGame
0x00ae9078	PaintingLevelChoose
0x00ae90a0	ChooseVillageHelp
0x00ae90c8	TeamStatusData
0x00ae90f0	ChooseVillageLayer
0x00ae9118	MKLocalNotificationsScheduler
0x00ae9140	MatchStatusData
0x00ae9168	ResourceManager
0x00ae91a4	TMDevice
0x00ae91b8	Global
0x00ae91e0	TopMenuLayer
0x00ae9208	GameSettings
0x00ae9230	LoadingScene
0x00ae926c	GiftCell
0x00ae9280	GiftViewLayer
0x00ae92a8	InviteFriendsLayer
0x00ae92d0	SystemTimeCheck
0x00ae92f8	AcceptFriendsLayer
0x00ae9320	ShowMoreFriendsLayer
0x00ae935c	ShowMoreFriendsCell
0x00ae9384	AcceptFriendsCell
0x00ae9398	LogoLayer
0x00ae93c0	RegisterView
0x00ae93e8	MagicNumberView
0x00ae9410	BugLevelBase
0x00ae9438	LevelUpEffectLayer
0x00ae9460	HttpManager
0x00ae9488	MovableSprite
0x00ae94b0	ParticalManager
0x00ae94d8	CCparticleFireWork
0x00ae9500	FishLayer
0x00ae9528	FriendsViewController
0x00ae9550	MusicChapterActivityInfoData
0x00ae9578	ManagerViewController
0x00ae95a0	SweepSprite
0x00ae95c8	AnimationManager
0x00ae95f0	MCNpcActor
0x00ae9618	SeekViewController
0x00ae9654	FishObject
0x00ae9668	SharedInterfaceLayer
0x00ae9690	MessageViewController
0x00ae96b8	LeaveMessageController
0x00ae96e0	Bird
0x00ae9708	BirdLayer
0x00ae9730	SpringPoemMainLayer
0x00ae9758	MessageCell
0x00ae9780	MessagesLayer
0x00ae97a8	BugObject
0x00ae97d0	MessageBoxGift
0x00ae97f8	LeaveMessageLayer
0x00ae9820	WashingTask
0x00ae9848	GoodsViewLayer
0x00ae9884	GoodsCell
0x00ae9898	ASleepTask
0x00ae98c0	YaliNpcActor
0x00ae98e8	Firework
0x00ae9910	HelpQuestLayer
0x00ae9938	GameDataCompareLayer
0x00ae9960	FlowerFarm
0x00ae9988	MRUpgradeNotification
0x00ae99b0	UnZoomLayer
0x00ae99d8	RewardLayer
0x00ae9a00	DecorateRoomLayer
0x00ae9a28	AroundTheWorldMainLayer
0x00ae9a50	FuncIntroLayer
0x00ae9a78	ButterFlyObject
0x00ae9aa0	ButterFlyLayer
0x00ae9ac8	TMEffectLayer
0x00ae9af0	TimeQuest
0x00ae9b18	TimeStory
0x00ae9b40	TimeQuestLayer
0x00ae9b68	TimeStoryLayer
0x00ae9b90	TMRainLayer
0x00ae9bb8	TMSnowLayer
0x00ae9be0	FlyKiteActivityRewardData
0x00ae9c08	FlowerCropViewLayer
0x00ae9c44	BouquetCell
0x00ae9c58	BouquetTradeItem
0x00ae9c94	FlowerCell
0x00ae9ca8	FlowerStudioItem
0x00ae9cd0	GreenhouseLayer
0x00ae9cf8	PlayNewAniTask
0x00ae9d20	iRate
0x00ae9d48	DiscountInfoLayer
0x00ae9d70	AchivementData
0x00ae9d98	SpringPoemPageLayer
0x00ae9dd4	DiscountCell
0x00ae9de8	AchievementControl
0x00ae9e10	SeaWaveObject
0x00ae9e38	SeaWaveLayer
0x00ae9e60	NewSceneSeaWaveLayer
0x00ae9e88	JKArray
0x00ae9eb0	JKDictionaryEnumerator
0x00ae9ed8	JKDictionary
0x00ae9f00	JSONDecoder
0x00ae9f28	JKSerializer
0x00ae9f50	NoticeBoardLayer
0x00ae9f78	EasterEggMainLayer
0x00ae9fa0	AdViewForMoleCart
0x00ae9fc8	JionKiteTeamData
0x00ae9ff0	NightLayer
0x00aea018	CCParticalFirefly
0x00aea040	TMFireFlyLayer
0x00aea068	ASprite
0x00aea0a4	TMAManagerInstance
0x00aea0b8	AnimInstance
0x00aea0e0	AnimPlayer
0x00aea108	AnimManager
0x00aea130	BGMusicData
0x00aea158	MusicHallLayer
0x00aea180	DivineIntroduceLayer
0x00aea1a8	DivineGame
0x00aea1d0	NewSceneData
0x00aea1f8	NewSceneCommand
0x00aea220	NewSceneNetworkBuffer
0x00aea248	NewSceneTimer
0x00aea270	FruitFarm
0x00aea298	FruitCropViewLayer
0x00aea2c0	CandyhouseLayer
0x00aea2fc	FruitCell
0x00aea310	FruitItem
0x00aea338	LoadingManager
0x00aea360	LoadingNewLayer
0x00aea388	HolidayVillageLayer
0x00aea3b0	GameNewScene
0x00aea3d8	InGameLayer
0x00aea400	SceneMannager
0x00aea428	NewSceneUpgradeData
0x00aea450	NewSceneObjectData
0x00aea478	CandyObjectData
0x00aea4a0	NewBaseLoading
0x00aea4c8	NewGameManager
0x00aea4f0	RestaurantView
0x00aea52c	ShopItemsCell
0x00aea540	ShopItemsLayer
0x00aea568	ShoppingView
0x00aea590	NewSceneMapBase
0x00aea5b8	LoadingHoliday
0x00aea5e0	LoadingMainVillage
0x00aea608	ShowFreeShellsLayer
0x00aea630	NewSceneUserInfoLayer
0x00aea658	NewSceneVillageMenuLayer
0x00aea680	EatCandyTask
0x00aea6a8	TransAnimal
0x00aea6d0	TransObject
0x00aea6f8	TaskManager
0x00aea720	WrapperManager
0x00aea748	HolidayVillageMap
0x00aea770	NewSceneEditMenuLayer
0x00aea798	NewScenePorter
0x00aea7c0	CandyExpression
0x00aea7e8	PlayExpressionTask
0x00aea810	SBJSON
0x00aea838	SBJsonBase
0x00aea874	SBJsonParser
0x00aea89c	SBJsonWriter
0x00aea8b0	SHKOAuthSharer
0x00aea8d8	SHKSharer
0x00aea914	TSMutableString
0x00aea928	GuessWorldCupMainLayer
0x00aea950	OAAsynchronousDataFetcher
0x00aea978	OAConsumer
0x00aea9b4	OADataFetcher
0x00aea9dc	OAHMAC_SHA1SignatureProvider
0x00aea9f0	OAMutableURLRequest
0x00aeaa2c	OAPlaintextSignatureProvider
0x00aeaa40	OARequestParameter
0x00aeaa68	OAServiceTicket
0x00aeaa90	OAToken
0x00aeaab8	SHKRequest
0x00aeaae0	SHK
0x00aeab08	SHKItem
0x00aeab30	SHKOfflineSharer
0x00aeab6c	SHKCustomFormController
0x00aeab94	SHKCustomFormFieldCell
0x00aeabbc	SHKCustomShareMenu
0x00aeabd0	TreasureRabbitSprite
0x00aeac0c	SHKCustomShareMenuCell
0x00aeac20	ShareKitManager
0x00aeac48	SHKDouban
0x00aeac70	Facebook
0x00aeac98	FBDialog
0x00aeacc0	FBFrictionlessRequestSettings
0x00aeace8	FBLoginDialog
0x00aead10	FBRequest
0x00aead38	SHKFacebook
0x00aead60	Dialog
0x00aead88	FeedDialog
0x00aeadb0	LoginDialog
0x00aeadd8	Request
0x00aeae00	Session
0x00aeae28	XMLHandler
0x00aeae50	SHKRenRen
0x00aeae78	SHKSenderForm
0x00aeaea0	SHKSina
0x00aeaec8	SHKSinaWeiboV2
0x00aeaef0	SHKSinaWeiboV2Form
0x00aeaf2c	SHKSinaWeiboV2OAuthView
0x00aeaf40	SHKTencent
0x00aeaf68	SHKTwitter
0x00aeaf90	SHKActionSheet
0x00aeafb8	SHKActivityIndicator
0x00aeafe0	SHKFormController
0x00aeb008	SHKFormFieldCell
0x00aeb030	SHKFormFieldSettings
0x00aeb058	SHKOAuthView
0x00aeb080	SHKShareMenu
0x00aeb0bc	SHKViewControllerWrapper
0x00aeb0d0	ASIAuthenticationDialog
0x00aeb0f8	ASIFormDataRequest
0x00aeb120	ASIHTTPRequest
0x00aeb148	ASIInputStream
0x00aeb170	ASINetworkQueue
0x00aeb198	NewSceneMoveLayer
0x00aeb1c0	SHKSendData
0x00aeb1fc	CCVideoPlayerImpl
0x00aeb210	CCVideoPlayer
0x00aeb238	CCVideoPlayerImpliOS
0x00aeb260	VideoOverlayView
0x00aeb288	CCAction
0x00aeb2c4	CCFiniteTimeAction
0x00aeb2d8	CCRepeatForever
0x00aeb300	CCSpeed
0x00aeb328	CCFollow
0x00aeb350	CCActionCamera
0x00aeb378	CCOrbitCamera
0x00aeb3a0	CCActionEase
0x00aeb3c8	CCEaseRateAction
0x00aeb404	CCEaseIn
0x00aeb42c	CCEaseOut
0x00aeb454	CCEaseInOut
0x00aeb490	CCEaseExponentialIn
0x00aeb468	CCEaseExponentialOut
0x00aeb4cc	CCEaseExponentialInOut
0x00aeb508	CCEaseSineIn
0x00aeb4e0	CCEaseSineOut
0x00aeb544	CCEaseSineInOut
0x00aeb558	CCEaseElastic
0x00aeb5a8	CCEaseElasticIn
0x00aeb580	CCEaseElasticOut
0x00aeb5d0	CCEaseElasticInOut
0x00aeb60c	CCEaseBounce
0x00aeb648	CCEaseBounceIn
0x00aeb620	CCEaseBounceOut
0x00aeb684	CCEaseBounceInOut
0x00aeb6c0	CCEaseBackIn
0x00aeb698	CCEaseBackOut
0x00aeb6fc	CCEaseBackInOut
0x00aeb710	CCGridAction
0x00aeb74c	CCGrid3DAction
0x00aeb774	CCTiledGrid3DAction
0x00aeb788	CCAccelDeccelAmplitude
0x00aeb7b0	CCAccelAmplitude
0x00aeb7d8	CCDeccelAmplitude
0x00aeb800	CCStopGrid
0x00aeb828	CCReuseGrid
0x00aeb850	CCWaves3D
0x00aeb878	CCFlipX3D
0x00aeb8b4	CCFlipY3D
0x00aeb8c8	CCLens3D
0x00aeb8f0	CCRipple3D
0x00aeb918	CCShaky3D
0x00aeb940	CCLiquid
0x00aeb968	CCWaves
0x00aeb990	CCTwirl
0x00aeb9b8	CCActionInstant
0x00aeb9e0	CCShow
0x00aeb9f4	CCHide
0x00aeba30	CCToggleVisibility
0x00aeba58	CCFlipX
0x00aeba80	CCFlipY
0x00aebaa8	CCPlace
0x00aebad0	CCCallFunc
0x00aebb0c	CCCallFuncN
0x00aebb20	CCCallFuncND
0x00aebb48	CCCallFuncO
0x00aebb70	CCCallBlock
0x00aebb98	CCCallBlockN
0x00aebbc0	CCActionInterval
0x00aebbe8	CCSequence
0x00aebc10	CCRepeat
0x00aebc38	CCSpawn
0x00aebc74	CCRotateTo
0x00aebc9c	CCRotateBy
0x00aebcc4	CCMoveTo
0x00aebcec	CCMoveBy
0x00aebd14	CCSkewTo
0x00aebd3c	CCSkewBy
0x00aebd64	CCJumpBy
0x00aebd8c	CCJumpTo
0x00aebdb4	CCBezierBy
0x00aebddc	CCBezierTo
0x00aebe04	CCScaleTo
0x00aebe2c	CCScaleBy
0x00aebe54	CCBlink
0x00aebea4	CCFadeIn
0x00aebe7c	CCFadeOut
0x00aebecc	CCFadeTo
0x00aebef4	CCTintTo
0x00aebf1c	CCTintBy
0x00aebc4c	CCDelayTime
0x00aebf6c	CCReverseTime
0x00aebf80	CCAnimate
0x00aebfbc	CCActionManager
0x00aebfe4	CCPageTurn3D
0x00aebff8	CCProgressTo
0x00aec020	CCProgressFromTo
0x00aec048	CCShakyTiles3D
0x00aec070	CCShatteredTiles3D
0x00aec098	CCShuffleTiles
0x00aec0d4	CCFadeOutTRTiles
0x00aec0fc	CCFadeOutBLTiles
0x00aec124	CCFadeOutUpTiles
0x00aec14c	CCFadeOutDownTiles
0x00aec160	CCTurnOffTiles
0x00aec188	CCWavesTiles3D
0x00aec1b0	CCJumpTiles3D
0x00aec1d8	CCSplitRows
0x00aec200	CCSplitCols
0x00aec228	CCActionTween
0x00aec250	CCAnimation
0x00aec278	CCAnimationCache
0x00aec2a0	CCAtlasNode
0x00aec2c8	CCCamera
0x00aec304	CCConfiguration
0x00aec318	CCDirector
0x00aec340	CCGrabber
0x00aec368	CCGridBase
0x00aec390	CCGrid3D
0x00aec3b8	CCTiledGrid3D
0x00aec3e0	CCLabelAtlas
0x00aec408	CCBMFontConfiguration
0x00aec430	CCLabelBMFont
0x00aec458	CCLabelTTF
0x00aec480	CCLayer
0x00aec4a8	CCLayerColor
0x00aec4e4	CCColorLayer
0x00aec4f8	CCLayerGradient
0x00aec520	CCLayerMultiplex
0x00aec55c	CCMultiplexLayer
0x00aec570	CCMenu
0x00aec598	CCMenuItem
0x00aec5c0	CCMenuItemLabel
0x00aec5e8	CCMenuItemAtlasFont
0x00aec610	CCMenuItemFont
0x00aec638	CCMenuItemSprite
0x00aec674	CCMenuItemImage
0x00aec688	CCMenuItemToggle
0x00aec6b0	CCMotionStreak
0x00aec6d8	CCNode
0x00aec700	CGPointObject
0x00aec728	CCParallaxNode
0x00aec750	CCParticleFireworks
0x00aec778	CCParticleFire
0x00aec7a0	CCParticleSun
0x00aec7c8	CCParticleGalaxy
0x00aec7f0	CCParticleFlower
0x00aec818	CCParticleMeteor
0x00aec840	CCParticleSpiral
0x00aec868	CCParticleExplosion
0x00aec890	CCParticleSmoke
0x00aec8b8	CCParticleSnow
0x00aec8e0	CCParticleRain
0x00aec908	CCParticleSystem
0x00aec930	FinalRewardAnimation
0x00aec958	CCParticleSystemPoint
0x00aec980	CCParticleSystemQuad
0x00aec9a8	CCProgressTimer
0x00aec9d0	CCRenderTexture
0x00aec9f8	CCRibbon
0x00aeca0c	CCRibbonSegment
0x00aeca48	CCScene
0x00aeca70	CCTimer
0x00aeca98	CCScheduler
0x00aecac0	CCSprite
0x00aecae8	CCSpriteBatchNode
0x00aecb10	CCSpriteFrame
0x00aecb38	CCSpriteFrameCache
0x00aecb60	CCTexture2D
0x00aecb88	CCTextureAtlas
0x00aecbb0	CCAsyncObject
0x00aecbd8	CCTextureCache
0x00aecc00	CCTexturePVR
0x00aecc28	CCTileMapAtlas
0x00aecc50	CCTMXLayer
0x00aecc78	CCTMXObjectGroup
0x00aecca0	ChangeRewardLayer
0x00aeccc8	CCTMXTiledMap
0x00aeccf0	CCTMXLayerInfo
0x00aecd18	CCTMXTilesetInfo
0x00aecd40	CCTMXMapInfo
0x00aecd68	CCTransitionScene
0x00aecd90	CCTransitionSceneOriented
0x00aecdb8	CCTransitionRotoZoom
0x00aecde0	CCTransitionJumpZoom
0x00aece08	CCTransitionMoveInL
0x00aece44	CCTransitionMoveInR
0x00aece6c	CCTransitionMoveInT
0x00aece94	CCTransitionMoveInB
0x00aecea8	CCTransitionSlideInL
0x00aecee4	CCTransitionSlideInR
0x00aecf0c	CCTransitionSlideInT
0x00aecf34	CCTransitionSlideInB
0x00aecf48	CCTransitionShrinkGrow
0x00aecf70	CCTransitionFlipX
0x00aecf98	CCTransitionFlipY
0x00aecfc0	CCTransitionFlipAngular
0x00aecfe8	CCTransitionZoomFlipX
0x00aed010	CCTransitionZoomFlipY
0x00aed038	CCTransitionZoomFlipAngular
0x00aed060	CCTransitionFade
0x00aed088	CCTransitionCrossFade
0x00aed0b0	CCTransitionTurnOffTiles
0x00aed0d8	CCTransitionSplitCols
0x00aed114	CCTransitionSplitRows
0x00aed128	CCTransitionFadeTR
0x00aed164	CCTransitionFadeBL
0x00aed18c	CCTransitionFadeUp
0x00aed1b4	CCTransitionFadeDown
0x00aed1c8	CCTransitionPageTurn
0x00aed1f0	CCTransitionRadialCCW
0x00aed22c	CCTransitionRadialCW
0x00aed290	CCDirectorIOS
0x00aed240	CCDirectorTimer
0x00aed268	CCDirectorFast
0x00aed27c	CCDirectorFastThreaded
0x00aed254	CCDirectorDisplayLink
0x00aed31c	CCTouchDispatcher
0x00aed330	CCTouchHandler
0x00aed358	CCStandardTouchHandler
0x00aed380	CCTargetedTouchHandler
0x00aed3a8	ShowRuleLayer
0x00aed3d0	EAGLView
0x00aed3f8	ES1Renderer
0x00aed420	FlyKiteIntroductionsLayer
0x00aed448	CCArray
0x00aed470	CCFileUtils
0x00aed4ac	CCMenuIndependent
0x00aed4c0	CCMenuItemSpriteIndependent
0x00aed4e8	CDAsynchInitialiser
0x00aed524	CDLongAudioSource
0x00aed4fc	CDAudioManager
0x00aed574	CDLongAudioSourceFader
0x00aed588	CDBufferManager
0x00aed5c4	CDUtilities
0x00aed5d8	CDSoundEngine
0x00aed600	CDSoundSource
0x00aed63c	CDAudioInterruptTargetGroup
0x00aed5ec	CDAsynchBufferLoader
0x00aed678	CDBufferLoadRequest
0x00aed6a0	CDFloatInterpolator
0x00aed6c8	CDPropertyModifier
0x00aed704	CDSoundSourceFader
0x00aed72c	CDSoundSourcePanner
0x00aed754	CDSoundSourcePitchBender
0x00aed77c	CDSoundEngineFader
0x00aed790	CDXPropertyModifierAction
0x00aed7b8	GreenRiceBallMainLayer
0x00aed7e0	SimpleAudioEngine
0x00aed808	CLScoreServerPost
0x00aed830	CLScoreServerRequest
0x00aed858	FontLabel
0x00aed880	FontManager
0x00aed8a8	ZAttributedString
0x00aed8d0	ZMutableAttributedString
0x00aed8bc	ZAttributeRun
0x00aed920	ZFont
0x00aed948	CDataScanner
0x00aed970	GetLastRewardLayer
0x00aed998	EasterEggActivityInfoData
0x00aed9c0	CJSONDeserializer
0x00aed9e8	CJSONScanner
0x00aeda10	CJSONSerializer
0x00aeda38	AchieveSystemLayer
0x00aeda74	AchievementCell
0x00aeda88	TourLineLayer
0x00aedab0	AchievementItems
0x00aedad8	NewSceneRestaurant
0x00aedb00	NewSceneShop
0x00aedb28	NewSceneApartment
0x00aedb50	CommonEffectController
0x00aedb78	NewSceneUserInfoData
0x00aedba0	ApartmentView
0x00aedbc8	BuildValueSprite
0x00aedbf0	NewSceneQuest
0x00aedc18	NewSceneQuestLayer
0x00aedc40	NewSceneStoryLayer
0x00aedc68	NewSceneStory
0x00aedc90	ObjectHandler
0x00aedcb8	MessageCenter
0x00aedce0	NewSceneTestLayer
0x00aedd08	CommonLoadingLayer
0x00aedd30	NewSceneLevelUp
0x00aedd58	NewSceneMoleleNpcActor
0x00aedd80	MAlertView
0x00aedda8	SpringPoemGetRewardLayer
0x00aeddd0	NewSceneAchievementData
0x00aeddf8	NewSceneAchievement
0x00aede20	PaybackObjectsTableLayer
0x00aede5c	PaybackObjectsTableCell
0x00aede70	JunkShopLayer
0x00aedeac	JunkShopCell
0x00aedec0	GreenRiceBallRankUserInfoData
0x00aedee8	DailyQuest
0x00aedf10	DailyQuestLayer
0x00aedf38	NaramSpringTargetCDTimeData
0x00aedf60	WipeSnowLayer
0x00aedf88	ChrismasTreeView
0x00aedfc4	AtomAdapterAdMobAds
0x00aedfd8	AtomAdapterInMobi
0x00aee014	AtomAdapterTaomeeAdMob
0x00aee028	ARRollerView
0x00aee050	AtomAdapterCustom
0x00aee078	AtomAdapterEvent
0x00aee0a0	AtomAdapterGeneric
0x00aee0c8	AtomAdNetworkAdapter
0x00aee0f0	AtomAdNetworkConfig
0x00aee118	AtomAdNetworkRegistry
0x00aee140	AtomClassWrapper
0x00aee168	AtomConfig
0x00aee190	AtomConfigStore
0x00aee1b8	AtomCustomAdView
0x00aee1e0	AtomError
0x00aee208	AtomView
0x00aee230	TeamTargetLayer
0x00aee258	AtomWebBrowserController
0x00aee294	AtomBackButton
0x00aee2a8	AWNetworkReachabilityWrapper
0x00aee2d0	NSTimerWrapper
0x00aee2f8	OscarDialogueLayer
0x00aee320	OpenTreasureChestMainLayer
0x00aee348	CCDrawNode
0x00aee384	CCPhysicsSprite
0x00aee3ac	CCSpriteAdd
0x00aee3c0	WashRoomAchievement
0x00aee3e8	WashRoomGame
0x00aee410	WashRoomLevelChoose
0x00aee438	IFAccelerometer
0x00aee460	WashRoomActor
0x00aee488	DiscoveryShip
0x00aee4b0	DiscoveryShipView
0x00aee4d8	DiscoverData
0x00aee500	DiscoverRewardData
0x00aee528	SuperShellTreeView
0x00aee550	ApplyHongKongTourLayer
0x00aee578	SuperShellTree
0x00aee5a0	CafeQuest
0x00aee5c8	CafeQuestLocalData
0x00aee5f0	CafeQuestData
0x00aee618	CafeShop
0x00aee654	CafeQuestCell
0x00aee668	CafeQuestItem
0x00aee690	CafeShopLayer
0x00aee6b8	NewRewardsLayer
0x00aee6e0	PopularityValueSprite
0x00aee708	VipInfoData
0x00aee730	CouponInfoLayer
0x00aee758	ExchangeCenterLayer
0x00aee780	CouponAnimation
0x00aee7a8	NeededCouponData
0x00aee7d0	ExchangeReward
0x00aee7f8	ExchangeData
0x00aee820	VerifyInviteCodeLayer
0x00aee848	CouponInfoData
0x00aee884	VIPCell
0x00aee898	VIPFunctionsLayer
0x00aee8c0	VIPItems
0x00aee8e8	AroundTheWorldInfoData
0x00aee910	GuessWorldCupData
0x00aee938	VIPLayer
0x00aee960	FirstChargeGiftData
0x00aee988	FirstChargeGiftsLayer
0x00aee9c4	CouponsCell
0x00aee9d8	CouponsItems
0x00aeea00	VipQuestLayer
0x00aeea28	VipStoryLayer
0x00aeea50	VipQuest
0x00aeea78	VipStory
0x00aeeaa0	OnlineRewardData
0x00aeeac8	OnlineTimeManager
0x00aeeaf0	RewardEffectSprite
0x00aeeb18	VIPDailyReward
0x00aeeb40	OnlineRewardRemoteData
0x00aeeb7c	NSStringMD5Addition_Local
0x00aeeb90	ATPagingView
0x00aeebb8	ATPagingViewController
0x00aeebe0	FeatureIntroductionViewController
0x00aeec08	FeatureIntroductionView
0x00aeec30	ActionCenterLayer
0x00aeec58	ActionLevelLayer
0x00aeec80	ActionLevelData
0x00aeeca8	DailySignLayer
0x00aeecd0	SealExchangeLayer
0x00aeecf8	QuestionnaireLayer
0x00aeed20	BoxRewardData
0x00aeed48	RewardBox
0x00aeed70	AdWallsManager
0x00aeed98	DianruManager
0x00aeedc0	DianruViewController
0x00aeede8	ChoosingPagesMainLayer
0x00aeee10	DomobManager
0x00aeee38	IMMobManager
0x00aeee60	TaomeeManager
0x00aeee88	YouMiManager
0x00aeeeb0	TapjoyManager
0x00aeeed8	DailySignExchangeData
0x00aeef00	CustomerServiceLayer
0x00aeef28	ADCPowerWallManager
0x00aeef50	ActivityGiftData
0x00aeef78	ActivityCenterInfoData
0x00aeefb4	AdWallMd5Maker
0x00aeefc8	AdWallsActionSheet
0x00aeeff0	AdWallsData
0x00aef02c	AdWallsErrorHandler
0x00aef040	AdWallsListMaker
0x00aef07c	AdWallsRandomMaker
0x00aef090	AdWallsSwitchesManager
0x00aef0b8	AdWallsTableViewController
0x00aef0e0	AdWallsViewController
0x00aef108	ActivityBulletinLayer
0x00aef130	TMInvisibleObjectDataBase
0x00aef158	TMCouponData
0x00aef180	YellowDuck
0x00aef1a8	ActivityBulletinControl
0x00aef1d0	NewStyleStoreMainLayer
0x00aef1f8	RewardTicketsIcon
0x00aef220	NewStyleStoreMenuView
0x00aef248	NewStyleStoreItemsView
0x00aef284	NewStyleStoreItemsCell
0x00aef2ac	CCColourUtils
0x00aef2c0	CCScale9Sprite
0x00aef2e8	TaomeeLogoLayer
0x00aef310	FlyKiteMainLayer
0x00aef338	ActionCodeLayer
0x00aef360	RequestCodeLayer
0x00aef388	RequestCodeListData
0x00aef3b0	Activity_FlameWars_MainLayer
0x00aef3d8	Activity_FlameWars_BasePopLayer
0x00aef414	Activity_FlameWars_RuleLayer
0x00aef428	Activity_FlameWars_DailyRewardLayer
0x00aef464	Activity_FlameWars_ExchangeLayer
0x00aef48c	Activity_FlameWars_LevelupLayer
0x00aef4a0	Activity_FlameWars_DailyDonateLayer
0x00aef4c8	Activity_FlameWars_TopTenLayer
0x00aef4f0	NaramSpringActivityInfoData
0x00aef518	ActionCenterControl
0x00aef540	DriftBottleMessageLayer
0x00aef568	TopTenUserInfo
0x00aef590	FlameTeamInfoData
0x00aef5b8	FlameUserCtriInfo
0x00aef5e0	FlameDailyRewardList
0x00aef608	FlameCtriExchangeGiftInfo
0x00aef630	FlameActivityState
0x00aef658	Activity_FlameWars_DonationData
0x00aef680	ActivityFlameWarsSelectLayer
0x00aef6a8	SpecialNightEffect
0x00aef6d0	ScaleableNightEffect
0x00aef70c	LogMemory
0x00aef720	WaterTowerRewardData
0x00aef748	WaterTower
0x00aef770	WaterTowerRewardView
0x00aef798	WipeWaterLayer
0x00aef7c0	GiftAndMessageLayer
0x00aef7e8	FireworkLayer
0x00aef810	AccountBindingLayer
0x00aef838	AccountBindingArrow
0x00aef860	AdWalls_OpenUDID
0x00aef888	WaterTowerView
0x00aef8c4	CocosBuilderLayer
0x00aef8d8	CCBReader
0x00aef900	ActivityForecastLayer
0x00aef928	CrowPriest
0x00aef950	CrowPriestMessageLayer
0x00aef978	IceSummerMainLayer
0x00aef9a0	Activity_IceCream_BasePopLayer
0x00aef9c8	Activity_IceCream_DailyRewardLayer
0x00aefa04	Activity_IceCream_ExchangeLayer
0x00aefa18	Activity_IceCream_DailyDonateLayer
0x00aefa40	IceSummerData
0x00aefa68	IceSummerDailyRewardList
0x00aefa90	IceCtriExchangeGiftInfo
0x00aefab8	IceSummerDonationData
0x00aefae0	UniqueDecorator
0x00aefb08	QiXiAdvanceLayer
0x00aefb30	CaribbeanMainLayer
0x00aefb58	ActivityCaribbeanBasePopLayer
0x00aefb80	ActivityCaribbeanRuleLayer
0x00aefba8	ActivityCaribbeanAllSpeedLayer
0x00aefbd0	ActivityTreasureHuntLayer
0x00aefbe4	TreasureHuntPopLayer
0x00aefc20	CaribbeanDiscoveringData
0x00aefc48	HouseRecyclerView
0x00aefc70	FlyKiteTopTenData
0x00aefc98	LeoAdvanceLayer
0x00aefcc0	PopularItemsPKAdvanceLayer
0x00aefce8	PopularItemsPKMainLayer
0x00aefd10	PopularItemsPKVoteLayer
0x00aefd38	AutumnMainLayer
0x00aefd60	Activity_Totoro_BasePopLayer
0x00aefd9c	Activity_Totoro_DailyRewardLayer
0x00aefd88	Activity_Totoro_DailyDonateLayer
0x00aefdd8	AnimalsRecyclerView
0x00aefe00	Activity_Shrek_BasePopLayer
0x00aefe3c	Activity_Shrek_DailyRewardLayer
0x00aefe28	Activity_Shrek_RuleLayer
0x00aefe78	TotoroQuestRequestData
0x00aefea0	TotoroQuestData
0x00aefec8	TotoroGiftData
0x00aefef0	TotoroActivityData
0x00aeff18	ShrekActivityData
0x00aeff40	TreasureData
0x00aeff68	TreasureChestData
0x00aeff90	NaramGetTodayRewardLayer
0x00aeffb8	TreasureSprite
0x00aeffe0	TreasureRewardLayer
0x00af0008	TreasureRewardSprite
0x00af0030	AliceRewardData
0x00af0058	AliceTreasureData
0x00af0080	AliceTreasureArray
0x00af00a8	AliceReturnData
0x00af00d0	AliceActivityData
0x00af00f8	Activity_Alice_BasePopLayer
0x00af0148	Activity_Alice_MainLayer
0x00af0120	Activity_Alice_RuleLayer
0x00af0184	Activity_Alice_DiceLayer
0x00af015c	Activity_Alice_TreasureLayer
0x00af0134	Activity_Alice_ExchangeLayer
0x00af0170	Activity_Alice_StrengthLayer
0x00af0210	Activity_Alice_RecycleLayer
0x00af0238	CustomUIImageView
0x00af0260	AnniversaryMainLayer
0x00af0288	ShowActivityRuleLayer
0x00af02b0	AnniversarySubLayer
0x00af02d8	HalloweenMainLayer
0x00af0300	ActivityHalloweenBasePopLayer
0x00af0328	Activity_Halloween_RewardLayer
0x00af0350	HalloweenGhostSprite
0x00af0378	HalloweenPumpkinHeadSprite
0x00af03a0	HalloweenBlackCatSprite
0x00af03c8	HalloweenCorpseSprite
0x00af03f0	TMAdBanner
0x00af0418	TMAdButton
0x00af0440	TMAdCache
0x00af047c	TMAdCommon
0x00af0490	TMAdConfig
0x00af04a4	LightXMLReader
0x00af04e0	TMAdOpenID
0x00af0508	XmasMainLayer
0x00af0530	ActivityXmasBasePopLayer
0x00af0558	Activity_Xmas_RewardLayer
0x00af0580	Activity_Xmas_RuleLayer
0x00af05a8	Activity_Xmas_VoteLayer
0x00af05d0	Activity_Xmas_RoundResultLayer
0x00af05f8	Activity_Xmas_ResultLayer
0x00af0620	XmasActivityPlayerData
0x00af0648	XmasActivityData
0x00af0670	AutoPopZhongXinLayer
0x00af0698	OnTouchPopZhongXinLayer
0x00af06c0	ReceiveGiftLayer
0x00af06e8	MiDiMan
0x00af0710	ShowAdwallBoardLayer
0x00af0738	PromoteSalesMainLayer
0x00af0760	PromoteShowItemsLayer
0x00af0788	NaramSpringMainLayer
0x00af07b0	IMCJSONDataScanner
0x00af07d8	IMCJSONScanner
0x00af0814	IMCJSONDeserializer
0x00af0828	IMCJSONSerializedData
0x00af0864	IMCJSONDataSerializer
0x00af0878	IMCJSONSerializer
0x00af08a0	IMCommonMgr
0x00af08c8	IMCommonUtil
0x00af08f0	IMCommonsNetworkReachability
0x00af0918	IMGTMBase64Private
0x00af0940	IMProductConfigReqParams
0x00af0968	IMProductConfigs
0x00af0990	IMProductConfigMgr
0x00af09b8	IMMetricPostParams
0x00af09e0	IMProductMetricMgr
0x00af0a08	IMNiceConfigs
0x00af0a30	IMNiceParamsMgr
0x00af0a58	IATGoalListData
0x00af0a80	IMAdTracker
0x00af0aa8	TFViewController_iPad
0x00af0ad0	TFBaseTableViewController
0x00af0af8	TaomeeFeedback
0x00af0b20	ImageScrollView
0x00af0b48	TFPostMessageViewController
0x00af0b70	TFImagePreviewViewController
0x00af0b98	TFFAQDetailViewController
0x00af0bc0	TFAnswerViewController
0x00af0be8	TFFAQViewController
0x00af0c10	TFIssueDetailViewController
0x00af0c38	TFIssueTableViewCell
0x00af0c60	TFMainMenuViewController
0x00af0c88	TFThreadDetailCell
0x00af0cb0	TFThreadData
0x00af0cd8	TFThreadDetail
0x00af0d00	TFThreadHeader
0x00af0d28	TFThreadBody
0x00af0d50	TFFAQCategory
0x00af0d78	TFFAQThread
0x00af0da0	TFTransportManager
0x00af0dc8	UIPlaceHolderTextView
0x00af0df0	TFAsynchronousImageView
0x00af0e18	TFAsynchronousImageButton
0x00af0e40	FeedbackPicture
0x00af0e68	FeedbackMessage
0x00af0e90	QAThread
0x00af0eb8	QACategory
0x00af0ee0	FeebackThread
0x00af0f08	FeedbackThreadDetail
0x00af0f30	Profile
0x00af0f58	TFAsyncReadPacket
0x00af0f80	TFAsyncWritePacket
0x00af0fa8	TFAsyncSpecialPacket
0x00af0fd0	TFAsyncSocket
0x00af0ff8	FeedbackController
0x00af1020	FeedbackSession
0x00af1048	Login
0x00af1070	FetchSessionKey
0x00af1098	PostQuestionImpl
0x00af10c0	PostQuestion
0x00af10e8	AnswerQuestion
0x00af1110	FetchPersonalThreads
0x00af1138	DeletePersonalThread
0x00af1160	FetchThreadDetail
0x00af1188	FetchQACategory
0x00af11b0	FetchQAThreads
0x00af11d8	SearchThreads
0x00af1200	FetchInfo
0x00af1228	UnreadThreads
0x00af1250	TFProgressHUD
0x00af1278	TFToolBar
0x00af12a0	TFForumViewController
0x00af12c8	TFImagePickerViewController
0x00af12f0	TFOpenUDID
0x00af1318	PBOfferWallManager
0x00af1354	PBDeviceFingerprint
0x00af1368	PBOfferWall
0x00af1390	PBOfferWallNet
0x00af13b8	PBOfferWallView
0x00af13e0	PBADRequest
0x00af1408	PBMoreGame
0x00af1430	PBInterstitial
0x00af146c	PunchBoxAd
0x00af1480	PunchBoxAdObject
0x00af14a8	PBOpenUDID
0x00af14d0	UIDeviceExtend
0x00af14f8	PBAppStoreManager
0x00af1520	PBBannerManager
0x00af1548	PBCustomBadge
0x00af1584	PBRequestError
0x00af1598	PBJKArray
0x00af15c0	PBJKDictionaryEnumerator
0x00af15e8	PBJKDictionary
0x00af1610	PBJSONDecoder
0x00af1638	PBJKSerializer
0x00af1660	PBBannerView
0x00af1688	PBURLManager
0x00af16b0	PBMoreGameView
0x00af16d8	PBReachability
0x00af1700	PBMoreGameManager
0x00af1728	PBUuidManager
0x00af1750	PBInterstitialView
0x00af1778	PBInterstitialManager
0x00af17a0	PBInterstitialNet
0x00af17c8	PBHTTPConnection
0x00af17f0	PBWebSiteView
0x00af1818	PBMoreGameNet
0x00af1840	PBSFHFKeychainUtils
0x00af1868	PBBannerNet
0x00af1890	TMAStatic
0x00af18cc	NSStringMD5Addition
0x00af18e0	UIDeviceIdentifierAddition
0x00af1908	TMAWelcomeViewController
0x00af1930	TMAWelcomeView
0x00af196c	TMA_ASIAutorotatingViewController
0x00af1980	TMA_ASIAuthenticationDialog
0x00af19a8	TMA_ASIDataCompressor
0x00af19d0	TMA_ASIDataDecompressor
0x00af19f8	TMA_ASIFormDataRequest
0x00af1a20	TMA_ASIInputStream
0x00af1a48	TimeOutControllInfo
0x00af1a70	TMAHttpManager
0x00af1a98	TMAHTTPRequest
0x00af1ac0	TMALoginViewController
0x00af1ae8	TMAInputData
0x00af1b10	TMADataManager
0x00af1b38	TMA_JKArray
0x00af1b60	TMA_JKDictionaryEnumerator
0x00af1b88	TMA_JKDictionary
0x00af1bb0	TMA_JSONDecoder
0x00af1bd8	_JKSerializer
0x00af1c14	TMA_SSKeychain
0x00af1c3c	TMA_InvalidKeyException
0x00af1c50	TMA_CryptUtils
0x00af1c78	TMAUserData
0x00af1ca0	TMA_ASIHTTPRequest
0x00af1cc8	TMA_ASINetworkQueue
0x00af1cf0	TMA_Reachability
0x00af1d18	TMAButton
0x00af1d40	TMALabel
0x00af1d68	TMABackgroundView
0x00af1d90	TMAccountManagerView
0x00af1db8	TMAButtonsManagerView
0x00af1de0	TMAPasswordModifyView
0x00af1e08	TMAUserIDListView
0x00af1e30	TMAChangeIDView
0x00af1e58	TMAApplyTaomeeIDView
0x00af1e80	TMAeMailModifyView
0x00af1ea8	TMAPasswordRetrieveView
0x00af1ed0	TMASetPasswordView
0x00af1ef8	TMAFinishInfoView
0x00af1f20	TMAErrorInfoView
0x00af1f48	TaomeeServerData
0x00af1f84	TaomeeGetServerIpList
0x00af1fac	TaomeeMoreDeviceChecker
0x00af1fc0	TaomeeGetServerIpListManager
0x00af1fe8	TMST_SessionInfo
0x00af2010	TMST_EventInfo
0x00af2038	TMSTDataManager
0x00af2060	TaomeeStat
0x00af2088	TaomeeAnalytics
0x00af20b0	MacAddress
0x00af20d8	TaomeeOpenUDID
0x00af2100	startSessionParam
0x00af2128	logEventParam
0x00af2164	sendDataParam
0x00af2178	TaomeeAnalyticImplement
0x00af21b4	TaomeeLocalNotificationsScheduler
0x00af21c8	TaomeeRate
0x00af21f0	TaomeeVersion
0x00af2218	TA_AdView
0x00af2240	TA_TaomeeAdData
0x00af2268	TM_Reachability
0x00af22a4	TM_ASIAutorotatingViewController
0x00af22b8	TM_ASIAuthenticationDialog
0x00af22e0	ASIDataCompressor
0x00af2308	ASIDataDecompressor
0x00af2330	ASIDownloadCache
0x00af2358	TM_ASIFormDataRequest
0x00af2380	TM_ASIHTTPRequest
0x00af23a8	TM_ASIInputStream
0x00af23d0	TM_ASINetworkQueue
0x00af23f8	SDWebImageDownloader
0x00af2420	SDImageCache
0x00af2448	SDWebImageManager
0x00af2470	SDWebImageDecoder
0x00af2498	SDWebImagePrefetcher
0x00af24d4	ImageUtility
0x00af24e8	SDWebImageButton
0x00af2510	SDWebImageView
0x00af254c	TMDeviceHelper
0x00af2560	TM_JKArray
0x00af2588	TM_JKDictionaryEnumerator
0x00af25b0	TM_JKDictionary
0x00af25d8	TM_JSONDecoder
0x00af2600	TM_JKSerializer
0x00af263c	TM_MBProgressHUD
0x00af2628	TM_MBRoundProgressView
0x00af2678	TaomeeMoreController
0x00af26a0	TaomeeMobileMore
0x00af26c8	TM_SMPageControl
0x00af26f0	TMTitleAdData
0x00af2718	TMVideoData
0x00af2740	TMAppIdData
0x00af2768	TMAppData
0x00af2790	TMThemesData
0x00af27b8	TMMobileMoreData
0x00af27e0	TaomeeThemesView
0x00af2808	ThemesCell
0x00af2830	ThemesPreviewView
0x00af2858	ThemesToolBar
0x00af2880	SaveOkView
0x00af28a8	VideoCell
0x00af28d0	TaomeeVideoView
0x00af28f8	AppCell
0x00af2920	TaomeeAppView
0x00af2948	TMStatic
0x00af2970	TaomeeAdView
0x00af2998	TMAdView
0x00af29c0	TaomeeLogoView
0x00af29e8	PLCrashSignalHandler
0x00af2a10	PLCrashReporter
0x00af2a38	PLCrashReport
0x00af2a60	PLCrashReportSystemInfo
0x00af2a88	PLCrashReportApplicationInfo
0x00af2ab0	PLCrashReportThreadInfo
0x00af2ad8	PLCrashReportStackFrameInfo
0x00af2b00	PLCrashReportRegisterInfo
0x00af2b28	PLCrashReportBinaryImageInfo
0x00af2b50	PLCrashReportExceptionInfo
0x00af2b78	PLCrashReportSignalInfo
0x00af2ba0	PLCrashReportProcessInfo
0x00af2bc8	PLCrashReportTextFormatter
0x00af2bf0	PLCrashReportProcessorInfo
0x00af2c18	PLCrashReportMachineInfo
0x00af2c40	PLCrashReportReportInfo
0x00af2c7c	CrashLog
0x00af2ca4	BWCrashReportTextFormatter
0x00af2cb8	BWQuincyManager
0x00af2cf4	TaomeeAppChecker
0x00af2d08	CRL_Reachability
0x00af2d30	TMIAPReceiptVerify
0x00af2d6c	TMI_GTMBase64
0x00af2d80	TMI_SBJSON
0x00af2da8	TMI_SBJsonBase
0x00af2de4	TMI_SBJsonParser
0x00af2e0c	TMI_SBJsonWriter
0x00af2e34	TMI_ASIAutorotatingViewController
0x00af2e48	TMI_ASIAuthenticationDialog
0x00af2e70	TMI_ASIDataCompressor
0x00af2e98	TMI_ASIDataDecompressor
0x00af2ec0	TMI_ASIDownloadCache
0x00af2ee8	TMI_ASIFormDataRequest
0x00af2f10	TMI_ASIHTTPRequest
0x00af2f38	TMI_ASIInputStream
0x00af2f60	TMI_ASINetworkQueue
0x00af2f88	TMI_Reachability
0x00af2fb0	TMIAPData
0x00af2fd8	TMIAPVerify
0x00af3014	TMLocalFile
0x00af3028	TMDeviceChecker
0x00af3064	TMReceiptManager
0x00af308c	ErrorHandler
0x00af30b4	Md5Handler
0x00af30dc	TMAppChecker
0x00af30f0	TMLocalVerification
0x00af3118	TMPurchase
0x00af3140	UnInstalledTipsController
0x00af3168	TMI_JKArray
0x00af3190	TMI_JKDictionaryEnumerator
0x00af31b8	TMI_JKDictionary
0x00af31e0	TMI_JSONDecoder
0x00af3208	TMI_JKSerializer
0x00af3230	TaomeeSurvey
0x00af3258	TaomeeSurveyViewController
0x00af3280	DianRuAdWall
0x00af32bc	DianRuAdWallDeviceInfo
0x00af32d0	DianRuAdWallAppCodec
0x00af32f8	DianRuAdWallOpenUDID
0x00af3320	UIWallViewController
0x00af3348	DianRuAdWallSVProgressHUD
0x00af3370	AlertWebInfoViewController_ipad
0x00af3398	AlertWebInfoViewController_iphone
0x00af33c0	AsyncImageView
0x00af33e8	nav_ViewController
0x00af3424	AdModel
0x00af3438	SBTableViewTopShadowView
0x00af3460	SBTableView
0x00af349c	SBTableAlertCellBackgroundView
0x00af34b0	SBTableViewSectionHeaderView
0x00af34d8	SBTableAlertCell
0x00af3500	SBTableAlert
0x00af3528	msg_viewController
0x00af3564	selectADModel
0x00af3578	DianRu_DianRuArray
0x00af35a0	DianRu_DianRuDictionaryEnumerator
0x00af35c8	DianRu_DianRuDictionary
0x00af35f0	DianRu_JSONDecoder
0x00af3618	DianRu_DianRuSerializer
0x00af3640	DianRu_XLCycleScrollView
0x00af3668	_EGORefreshTableFooterView
0x00af3690	_EGORefreshTableHeaderView
0x00af36b8	_SDImageCache
0x00af36e0	_SDWebImageDecoder
0x00af3708	_SDWebImageDownloader
0x00af3730	_SDWebImageManager
0x00af3758	_SDWebImagePrefetcher
0x00af3780	DMOfferWallViewController
0x00af37a8	DMOfferWallTableView
0x00af37d0	DMOfferWallRequest
0x00af37f8	DMOfferWallReport
0x00af3834	DMOfferWallStorage
0x00af3848	DMOfferWallTitleBar
0x00af3870	DMOfferWallConfigManager
0x00af3898	DMOfferWallHelpPageController
0x00af38c0	DMOfferWallAppealPageController
0x00af38fc	DMOfferWallEncrypter
0x00af3910	DMOfferWallOpenUDID
0x00af3938	DMOfferWallHTTPConnectionHelper
0x00af3960	DMOfferWallTimer
0x00af399c	DMOfferWallLocationManager
0x00af39c4	DMOfferWallUtils
0x00af39d8	DMOfferWallCustomTableViewCell
0x00af3a00	DMOfferWallEGORefreshTableHeaderView
0x00af3a28	DMOWCustomDetailView
0x00af3a50	DMOfferWallTableFooterView
0x00af3a78	DMOfferWallTableHeaderView
0x00af3aa0	DMOfferWallTableViewBackgroundView
0x00af3adc	DMOfferWallViewUtils
0x00af3b04	DMOfferWallGTMBase64
0x00af3b18	DMOWJsonBase
0x00af3b54	DMOWJsonParser
0x00af3b68	DMOWCustomDetailViewAnimation
0x00af3ba4	DMOWJsonWriter
0x00af3bb8	DMOWDetailAlertView
0x00af3be0	DMOWInterstitialViewController
0x00af3c08	MMApiRegister
0x00af3c30	AppCommunicate
0x00af3c6c	WXApi
0x00af3c80	WeChatApiUtil
0x00af3ca8	BaseReq
0x00af3cd0	BaseResp
0x00af3cf8	SendMessageToWXReq
0x00af3d20	SendMessageToWXResp
0x00af3d48	GetMessageFromWXReq
0x00af3d70	GetMessageFromWXResp
0x00af3d98	ShowMessageFromWXReq
0x00af3dc0	ShowMessageFromWXResp
0x00af3de8	LaunchFromWXReq
0x00af3e10	WXImageObject
0x00af3e38	WXMusicObject
0x00af3e60	WXVideoObject
0x00af3e88	WXWebpageObject
0x00af3eb0	WXAppExtendObject
0x00af3ed8	WXEmoticonObject
0x00af3f00	WXFileObject
0x00af3f28	WXMediaMessage
0x00af3f50	AppSettingItem
0x00af3f78	AppRegisterInfo
0x00af3fa0	WXMediaInternalMessage
0x00af3fc8	WXAuthInternal
0x00af3ff0	AppCommunicateData
0x00af4018	LMWebView
0x00af4040	immobUtils
0x00af4068	LMController
0x00af4090	LMDisplayController
0x00af40b8	LMLocationController
0x00af40e0	LMNetworkController
0x00af4108	LMPhoneController
0x00af4130	LMVideoViewController
0x00af4158	LMPlayerController
0x00af4180	LMSDKController
0x00af41a8	LMSensorController
0x00af41d0	immobCache
0x00af41f8	immobView
0x00af4220	immobReachability
0x00af4248	LMCtrMgr
0x00af425c	LMGoogleMaps
0x00af4298	LmmobJKArray
0x00af42c0	LmmobJKDictionaryEnumerator
0x00af42e8	LmmobJKDictionary
0x00af4310	LmmobJSONDecoder
0x00af4324	LmmobJKSerializer
0x00af4360	OpenUDID_immobView
0x00af4388	immobJavaScriptBridge
0x00af43b0	immobViewZipArchive
0x00af43ec	immobModalWebViewController
0x00af43d8	immobWebViewController
0x00af4428	immobKeyChain
0x00af4464	TaomeeAdWall
0x00af4478	TaomeeAdWallData
0x00af44a0	TaomeeAdWallQuery
0x00af44c8	TaomeeAdWallReduce
0x00af44f0	TaomeeAdWallViewController
0x00af4518	TaomeeAdWallAnalytics
0x00af4540	TaomeeAdWallDevice
0x00af4568	TMAW_JKArray
0x00af4590	TMAW_JKDictionaryEnumerator
0x00af45b8	TMAW_JKDictionary
0x00af45e0	TMAW_JSONDecoder
0x00af4608	TMAW_JKSerializer
0x00af4644	TaomeeAdWallFileManager
0x00af466c	TaomeeAdWallMd5
0x00af4680	TMAD_OpenUDID
0x00af46a8	GADSearchRequestPrivate
0x00af46d0	GADCachedFile
0x00af46f8	GADNetworkChecker
0x00af4720	GADTiming
0x00af4748	GADTimingManager
0x00af4770	GADRequestError
0x00af4798	GADNetworkUtilities
0x00af47d4	GADPrivateUtilities
0x00af47fc	GADRequest
0x00af4810	GADIdentifierUtilities
0x00af4838	GADRequestPrivate
0x00af4874	GADMacros
0x00af4888	GADClickTracker
0x00af48b0	GADViewController
0x00af48d8	GADViewControllerPrivate
0x00af4900	GADBrowserController
0x00af4928	GADBrowserControllerPrivate
0x00af4950	GADIntrinsicImages
0x00af4978	GADWebAppViewController
0x00af49a0	GADWebAppViewControllerPrivate
0x00af49c8	GADWebViewDelegate
0x00af4a04	GADNumberUtilities
0x00af4a18	GADOpener
0x00af4a40	GADBrowserWebViewDelegate
0x00af4a68	GADWebAppWebViewDelegate
0x00af4a90	GADBannerWebViewDelegate
0x00af4ab8	GADNotification
0x00af4af4	GADNotificationCenter
0x00af4b08	GADSharedStatistics
0x00af4b30	GADStatisticsCore
0x00af4b58	GADInterstitial
0x00af4b80	GADBannerView
0x00af4ba8	GADObjectPrivate
0x00af4bd0	GADLocation
0x00af4c0c	GADDelegateManager
0x00af4c20	GADInterstitialAppController
0x00af4c48	GADMAdManager
0x00af4c70	GADMAdNetworkConfig
0x00af4c98	GADMToGADGlue
0x00af4cc0	GADMNSURLConnectionFactory
0x00af4ce8	GADMConfig
0x00af4d10	GADMAdNetworkConnectorImpl
0x00af4d38	GADMAdapterGoogleAdMobAds
0x00af4d74	GADSearchObjectPrivate
0x00af4d9c	GADSearchBannerView
0x00af4dc4	GADSearchRequest
0x00af4dd8	GAD_GTMStringEncoding
0x00af4e00	GADWebView
0x00af4e28	GADWebViewPrivate
0x00af4e50	GADClickTrackerCollection
0x00af4e78	GADJavaScriptController
0x00af4ea0	GADAdFetcher
0x00af4ec8	GADCachedURLResponse
0x00af4ef0	GADURLConnection
0x00af4f18	GADImpressionTicketGestureRecognizer
0x00af4f40	GADMRAIDInterceptor
0x00af4f68	GADAdURLStash
0x00af4f90	GADMUtilities
0x00af4fb8	GADMAdapterCustomEvents
0x00af4fe0	GADCustomEventRequest
0x00af501c	GADUIWebViewGestureDelgate
0x00af5030	GADAdMobExtras
0x00af5058	GADCustomEventExtras
0x00af5080	GADAdType
0x00af50a8	GADImpressionTicketGestureRecognizerPrivate
0x00af50e4	GADMAdNetworkConnectorBanner
0x00af510c	GADMAdNetworkConnectorInterstitial
0x00af5134	DFPInterstitial
0x00af5148	DFPBannerView
0x00af5170	DFPExtras
0x00af5198	GADMAdSizeUtilities
0x00af51d4	GADViewUtilities
0x00af51e8	GADBadAdUtil
0x00af5224	GADStatistics
0x00af5238	GADSlotStatistics
0x00af5260	GADActivationView
0x00af529c	GADActivationViewDelegate
0x00af52c4	DFPSwipeableBannerView
0x00af52d8	GAD_SBJSON
0x00af5314	GADGestureUtil
0x00af533c	GADGestureIdUtil
0x00af5364	IMAdCloseButton
0x00af5378	IMAdConfigs
0x00af53a0	IMOrientationProperties
0x00af53c8	IMResizeProperties
0x00af53f0	IMExpandProperties
0x00af5418	IMAdManager
0x00af5440	IMBannerAdManager
0x00af5468	IMInterstitialAdManager
0x00af5490	IMAdUtilities
0x00af54b8	IMMailViewController
0x00af54e0	IMSMSViewController
0x00af5508	IMEmbeddedWebViewController
0x00af5530	IMSKStoreProductViewController
0x00af5558	IMURLRequest
0x00af5580	IMHttpRequestBuilder
0x00af55a8	IMHttpAdRequest
0x00af55d0	IMAIPingParams
0x00af55f8	IMAsyncPingRequest
0x00af5620	IMAsyncPingWebViewRequest
0x00af5648	IMMediaManager
0x00af5670	IMMraidAudioPlayer
0x00af5698	IMMraidVideoPlayer
0x00af56c0	IMPingRequestCache
0x00af56e8	IMWebView
0x00af5724	IMAdError
0x00af5738	IMAdInterstitial
0x00af5760	IMAdRequest
0x00af5788	IMAdView
0x00af57c4	TMPush
0x00af57d8	TMPushNotificationHandler
0x00af5800	TMPushID
0x00af583c	ADCAdvertiser
0x00af5850	ADCError
0x00af5878	ADCFileCache
0x00af58a0	ADCGlobal
0x00af58c8	ADCUtility
0x00af58f0	ADCUtil
0x00af5918	ADCAdInfo
0x00af5940	ADCSplashApp
0x00af5968	ADCSplashList
0x00af5990	ADCAdList
0x00af59b8	ADCApp
0x00af59e0	ADCAppListItem
0x00af5a08	ADCNotification
0x00af5a30	ADCFeedback
0x00af5a58	ADCUDIDCoding
0x00af5a80	ADCProtocolEngine
0x00af5aa8	ADCProtocolEngineSelector
0x00af5ad0	ADCUrlImageQueue
0x00af5b98	ADCProtocolParserFactory
0x00af5bc0	ADCProtocolAbstractParser
0x00af5af8	ADCBannerAdvertisementListRequestParser
0x00af5b84	ADCSplashAdvertisementListRequestParser
0x00af5b70	ADCWallAdvertisementGetRecommendDailyeRequestParser
0x00af5b0c	ADCWallAdvertisementListRequestParser
0x00af5b20	ADCWallAdvertisementGetScoreRequestParser
0x00af5b34	ADCWallAdvertisementReduceScoreRequestParser
0x00af5b48	ADCSendActionRequestParser
0x00af5b5c	ADCWeb2AppCheckClickRequestParser
0x00af5c9c	ASIAutorotatingViewController_AppDriverChina
0x00af5cb0	ASIAuthenticationDialog_AppDriverChina
0x00af5cd8	ASIDataCompressor_AppDriverChina
0x00af5d00	ASIDataDecompressor_AppDriverChina
0x00af5d28	ASIDownloadCache_AppDriverChina
0x00af5d50	ASIFormDataRequest_AppDriverChina
0x00af5d78	ASIHTTPRequest_AppDriverChina
0x00af5da0	ASIInputStream_AppDriverChina
0x00af5dc8	ASINetworkQueue_AppDriverChina
0x00af5df0	Reachability_AppDriverChina
0x00af5e18	NSObjectSBJsonAppDriverChina
0x00af5e40	SBJsonParser_AppDriverChina
0x00af5e68	SBJsonStreamParser_AppDriverChina
0x00af5ea4	SBJsonStreamParserAccumulator_AppDriverChina
0x00af5eb8	SBJsonStreamParserAdapter_AppDriverChina
0x00af5ef4	SBJsonStreamParserState_AppDriverChina
0x00af5f6c	SBJsonStreamParserStateStart_AppDriverChina
0x00af5f30	SBJsonStreamParserStateComplete_AppDriverChina
0x00af5f44	SBJsonStreamParserStateError_AppDriverChina
0x00af5f1c	SBJsonStreamParserStateObjectStart_AppDriverChina
0x00af5fa8	SBJsonStreamParserStateObjectGotKey_AppDriverChina
0x00af5fd0	SBJsonStreamParserStateObjectSeparator_AppDriverChina
0x00af5ff8	SBJsonStreamParserStateObjectGotValue_AppDriverChina
0x00af6020	SBJsonStreamParserStateObjectNeedKey_AppDriverChina
0x00af5f08	SBJsonStreamParserStateArrayStart_AppDriverChina
0x00af605c	SBJsonStreamParserStateArrayGotValue_AppDriverChina
0x00af6084	SBJsonStreamParserStateArrayNeedValue_AppDriverChina
0x00af60c0	SBJsonStreamWriter_AppDriverChina
0x00af60e8	SBJsonStreamWriterAccumulator_AppDriverChina
0x00af6124	SBJsonStreamWriterState_AppDriverChina
0x00af6160	SBJsonStreamWriterStateObjectStart_AppDriverChina
0x00af6188	SBJsonStreamWriterStateObjectKey_AppDriverChina
0x00af6138	SBJsonStreamWriterStateObjectValue_AppDriverChina
0x00af61d8	SBJsonStreamWriterStateArrayStart_AppDriverChina
0x00af61b0	SBJsonStreamWriterStateArrayValue_AppDriverChina
0x00af6228	SBJsonStreamWriterStateStart_AppDriverChina
0x00af6200	SBJsonStreamWriterStateComplete_AppDriverChina
0x00af6264	SBJsonStreamWriterStateError_AppDriverChina
0x00af6278	SBJsonTokeniser_AppDriverChina
0x00af62a0	SBJsonUTF8Stream_AppDriverChina
0x00af62c8	SBJsonWriter_AppDriverChina
0x00af62f0	TBXML_AppDriverChina
0x00af6318	ADCActivitiesTypeView
0x00af6340	ADCAppActivitiesViewController
0x00af6368	ADCAppInfoViewController
0x00af6390	ADCCellImageView
0x00af63b8	ADCAppListCell
0x00af63e0	ADCArchRectangleView
0x00af6408	ADCBannerView
0x00af6430	ADCFeedBackController
0x00af6458	ADCNavigationController
0x00af6480	ADCPowerWallViewController
0x00af64a8	ADCRecommendView
0x00af64d0	ADCSponsorDetailViewController
0x00af64f8	ADCNavigationBarView
0x00af6520	ADCSplashView
0x00af6548	ADCOpenUDID
0x00af6570	ADCKeychainItemWrapper
0x00af6598	TDGADeviceProfile
0x00af65c0	TDGAEventPackage
0x00af65fc	TDGADataWork
0x00af6610	TDGASafeDictionary
0x00af664c	TDGASerialization
0x00af6660	TDGALogin
0x00af6688	TDGALogout
0x00af66b0	TDGAMissionEvent
0x00af66d8	TDGACustomEvent
0x00af6700	TDGACharge
0x00af6728	TDGAPurchase
0x00af6750	TDGAAppProfile
0x00af6778	TDGAGameEvent
0x00af67a0	TDGAUtility
0x00af67dc	TDGANetwork
0x00af6804	TalkingDataGA
0x00af6818	TalkingDataGAUDID
0x00af6854	TDGAAccount
0x00af687c	TDGAMission
0x00af68a4	TDGAVirtualCurrency
0x00af68cc	TDGAItem
0x00af68e0	TDGAMissionProfile
0x00af6908	TDGAOrderProfile
0x00af6930	TDGAAppException
0x00af6958	TDGAUse
0x00af6980	TDGAUpdateAccountProfile
0x00af69a8	TDGAInitialize
0x00af69d0	TDGAOpenUDID
0x00af69f8	TDGASecureUDID
0x00af6a20	TDGAAccountProfile
0x00af6a48	TDGALevelUp
0x00af6a84	TDGAAccountEvent
0x00af6a98	TDGAReward
0x00af6ac0	TDGAJKArray
0x00af6ae8	TDGAJKDictionaryEnumerator
0x00af6b10	TDGAJKDictionary
0x00af6b38	TDGAJKSerializer
0x00af6b74	TDGAJson
0x00af6b9c	TDGAKeyChain
0x00af6bb0	TDGAAppList
0x00af6bec	TDGABase64
0x00af6c14	TDGACryptUtil
0x00af6c3c	NewRelicConnectInfo
0x00af6c50	NewRelicAgentInternal
0x00af6c8c	NewRelicAgent
0x00af6ca0	NewRelicInternalUtils
0x00af6cc8	NRReachability
0x00af6cf0	NRSecureUDID
0x00af6d18	NRTimer
0x00af6d40	NRTransactionData
0x00af6d68	NRURLProtocol
0x00af6d90	NRLogger
0x00af6dcc	NRNonARCMethods
0x00af6de0	NRASIRequestTracker
0x00af6e1c	NRASISupport
0x00af6e30	NRErrorData
0x00af6e58	NRSupportability
0x00af6e80	NRStats
0x00af6ea8	NRStatsEngine
0x00af6ee4	NRNSURLSupport
0x00af6ef8	NRDelegateProxy
0x00af6f34	NRJSON
0x00af6f48	NRURLConnection
0x00af6f70	NRTitaniumRequestTracker
0x00af6fac	NRTitaniumSupport
0x00af6fc0	Tapjoy
0x00af6fe8	TJAdUnitJSBridge
0x00af7010	TJEvent
0x00af704c	TJEventRequest
0x00af7060	TJCAdManager
0x00af7088	TJCAdView
0x00af70c4	TJCUIDevice
0x00af70d8	TJCLog
0x00af7100	TJCNetReachability
0x00af7128	TJCUtil
0x00af7150	TJCViewController
0x00af718c	TJCLoadingMainView
0x00af71a0	TJCLoadingView
0x00af71c8	TJCUIWebPageView
0x00af71f0	TJCViewHandler
0x00af722c	TJCEventTrackingManager
0x00af7240	TJCFullScreenAdManager
0x00af7268	MRAIDFragmentManager
0x00af7290	MRAIDJavascriptBridge
0x00af72b8	TJMRAIDAVPlayerLoadingView
0x00af72e0	MRAIDAVPlayer
0x00af7308	MRAIDView
0x00af7330	MRAIDWebBrowserViewController
0x00af7358	TJReachability
0x00af7380	TJCOffersManager
0x00af73a8	TJCPushManager
0x00af73d0	TJCUserAccountManager
0x00af73f8	TJCUserAccountModel
0x00af7420	TJCVideoLayer
0x00af7448	TJCVideoManager
0x00af7484	TJCVideoViewDummy
0x00af7498	TJCVideoView
0x00af74d4	TJCVideoViewHandler
0x00af74e8	TJAFQueryStringPair
0x00af7510	TJAFHTTPClient
0x00af7524	TJAFMultipartFormData
0x00af7560	TJAFHTTPRequestOperation
0x00af7588	TJAFImageRequestOperation
0x00af75b0	TJAFJSONRequestOperation
0x00af75d8	TJAFNetworkActivityIndicatorManager
0x00af7600	TJAFPropertyListRequestOperation
0x00af7628	TJAFURLConnectionOperation
0x00af7650	TJAFXMLRequestOperation
0x00af7678	TJAFImageCache
0x00af76b4	TJRIButtonItem
0x00af76c8	TJWebViewJavascriptBridge
0x00af76f0	TJMBProgressHUD
0x00af7704	TJMBRoundProgressView
0x00af7754	TapjoyConnect
0x00af7768	TJXMLDictionaryParser
0x00af7790	TJ_AFHTTPClient
0x00af77b8	TJ_AFHTTPRequestOperation
0x00af77f4	TJ_AFImageRequestOperation
0x00af7808	TJJKArray
0x00af7830	TJJKDictionaryEnumerator
0x00af7858	TJJKDictionary
0x00af7880	TJJSONDecoder
0x00af78a8	TJJKSerializer
0x00af78e4	YouMiWall
0x00af78f8	YouMiWallAppModel
0x00af7934	YouMiSpot
0x00af7948	YouMiView
0x00af7984	YouMiConfig
0x00af79ac	libYouMi
0x00af79c0	YMLTrackingData
0x00af79fc	YMLJSONDeserializer
0x00af7a10	YMLJSONSerializer
0x00af7a38	YMLDataScanner
0x00af7a60	YMLJSONScanner
0x00af7a9c	YMLJSONDataSerializer
0x00af7ab0	YMLReachability
0x00af7ad8	YMLDeviceInfo
0x00af7b14	YMLAppInfo
0x00af7b28	YMLOrderedOperationQueue
0x00af7b50	YMLCache
0x00af7b78	YMLGlobalTracking
0x00af7bb4	YMLDataToolkit
0x00af7bc8	YMLQuartzToolkit
0x00af7c04	YMLNetworkToolkit
0x00af7c2c	YMLJSONToolkit
0x00af7c54	YMLImageToolkit
0x00af7c7c	YMLUtilToolkit
0x00af7c90	YMLDialogView
0x00af7cb8	YMLFocusView
0x00af7ce0	YMLProgressView
0x00af7d08	YMLSearchlightLabel
0x00af7d30	YMLUIView
0x00af7d58	YMLWebView
0x00af7d80	YMLWebViewInteractorInfo
0x00af7da8	YMLWebViewInteractorStorage
0x00af7dd0	YMLWebViewInteractorUtil
0x00af7df8	YMDevConfiguration
0x00af7e20	YMStoreKitHelper
0x00af7e5c	YMADWebViewInfoExtension
0x00af7e84	YMADWebView
0x00af7e98	YMRequestError
0x00af7ec0	YMRequest
0x00af7efc	YMRequestHandler
0x00af7f10	YMADBannerRequestHandler
0x00af7f4c	YMBannerURLConstructor
0x00af7f60	YMBannerURLInfo
0x00af7f88	YMADGlobalBannerManager
0x00af7fb0	YMAdBannerData
0x00af7fec	YMAdBannerAckData
0x00af8014	YMAdBannerClickAckData
0x00af803c	YMAdBannerDisplayAckData
0x00af8050	YMAdBannerRequestData
0x00af8078	YMADBanner
0x00af80a0	YMADBannerConfirmClickView
0x00af80dc	YMADBannerInternal
0x00af80c8	YMADBannerInternalBackground
0x00af8118	YMADWallWebView
0x00af8140	YMWallURLInfo
0x00af817c	YMWallURLConstructor
0x00af8190	YMADWallUserAccountHandler
0x00af81b8	YMWallData
0x00af81e0	YMWallPointsData
0x00af81f4	YMPointsAccountRecord
0x00af8230	YMOnlineConfig
0x00af8258	YMLKeyValue
0x00af8294	YMLFileToolkit
0x00af82d0	YMSpotManagerClassmate
0x00af82a8	YMSpotManager
0x00af82f8	YMSpotView
0x00af8320	YMSpotPointsLabel
0x00af8348	YMSpotViewInternal
0x00af8370	YMStateManager
0x00af83ac	YMStateRequestHandler
0x00af83d4	YMStateURLConstructor
0x00af83e8	YMStateURLInfo
0x00af8410	YMURIDetectData
0x00af8438	YMLImageWebView
0x00af8460	YMLOpenUDID
0x00af849c	YMLObjcClassToolkit
0x00af84c4	YouMiPointsManager
0x00af84d8	YMLPageControl
0x00af8514	YMWallPointsManagerClassmate
0x00af8500	YMWallPointsManager
0x00af8550	YMLTranslucencyView
0x00af858c	YMWallRequestHandler
0x00af85a0	YMWallRequestData
0x00af85dc	YMErrorInfo
0x00af85f0	YMWallManager
0x00af862c	YMLWebContentPreloadClassMate
0x00af8640	YMLWebContentPreload
0x00af8668	YMLInterfaceErrorReporter
0x00af8690	YMLGCDAsyncReadPacket
0x00af86b8	YMLGCDAsyncWritePacket
0x00af86e0	YMLGCDAsyncSpecialPacket
0x00af8708	YMLGCDAsyncSocket
0x00af8730	YMLGCDAsyncUdpSendPacket
0x00af8758	YMLGCDAsyncUdpSpecialPacket
0x00af8780	YMLGCDAsyncUdpSocket
0x00af87a8	YMLTCPSender
0x00af87d0	YMLUDPSender
0x00af87f8	YMLFrameworkLoader
0x00af8820	UMANJob
0x00af8848	UMANWorker
0x00af8870	MobClick
0x00af8898	UMANLaunch
0x00af88c0	UMANTerminate
0x00af88e8	UMANError
0x00af8910	UMANBaseEvent
0x00af8938	UMANEvent
0x00af8960	UMANUtil
0x00af8988	MobClickInternal
0x00af89c4	UncaughtExceptionHandler
0x00af89d8	UMANEkv
0x00af8a00	MobClickOpenUDID
0x00af8a28	MobClickSBJSON
0x00af8a50	MobClickSBJsonBase
0x00af8a8c	MobClickSBJsonParser
0x00af8ab4	MobClickSBJsonWriter
0x00af8ac8	MAAdViewTextView
0x00af8af0	MACustomAdDesc
0x00af8b18	MAAdViewSchedule
0x00af8b40	MAFormService
0x00af8b68	MATaskRequestSpot
0x00af8b90	MAEffectClickAction
0x00af8bb8	MATaskActive
0x00af8bf4	MATokenCiper
0x00af8c08	MAStackGetCpaAdConf
0x00af8c30	MACustomAdBucket
0x00af8c58	MASpotImplView
0x00af8c80	MATaskAwardPoints
0x00af8ca8	MAStackActive
0x00af8cd0	miidi_JKArray
0x00af8cf8	miidi_JKDictionaryEnumerator
0x00af8d20	miidi_JKDictionary
0x00af8d48	MAJSONDecoder
0x00af8d70	miidi_JKSerializer
0x00af8d98	MADeviceProfile
0x00af8dc0	MASpotAdBucket
0x00af8de8	MAStackGetForms
0x00af8e10	MATaskGetCpaAdConf
0x00af8e38	MAAdWallTaskRequestToggle
0x00af8e60	MAStrategyLogsCommit
0x00af8e88	MATipsView
0x00af8eb0	MAArrayBucket
0x00af8ed8	MAAdWallTaskFeedback
0x00af8f00	MAAdWallDetailViewController
0x00af8f28	MADeviceDetection
0x00af8f50	MiidiManager
0x00af8f78	MAGpsDetect
0x00af8fa0	MiidiAdSpot
0x00af8fc8	MiidiSdkProfile
0x00af8ff0	MATaskSpendPoints
0x00af902c	MiidiAdWall
0x00af9040	MACloseIconView
0x00af9068	MAStackGetPoints
0x00af9090	MAFormElementWebView
0x00af90b8	MANumerator
0x00af90e0	MATaskGetPoints
0x00af9108	MAFormElementText
0x00af9144	MAAdActionMan
0x00af9158	MATaskMgr
0x00af9180	MA_CacheInfo
0x00af91a8	MA_MemoryCacheInfo
0x00af91d0	MA_DiskCacheInfo
0x00af91f8	MACacheManager
0x00af9220	MAEffectRequestUrl
0x00af9248	MAHttpResponseResult
0x00af9270	MAStackGetAppConf
0x00af9298	MAStackRequestAdSource
0x00af92c0	MAAppInfo
0x00af92e8	MATaskCommitViewFormLogs
0x00af9310	MAFormElement
0x00af9338	MAOpenUDID
0x00af9360	MAAdViewImplView
0x00af9388	MATaskRequestAdEffect
0x00af93b0	MAAdViewWebView
0x00af93d8	MAAdWallAppListViewController
0x00af9400	MATaskLoadCloseIcon
0x00af9428	MAAdWallStackRequestToggle
0x00af9450	MATaskRequestAdSource
0x00af948c	MAStack
0x00af94b4	MASpotAdMan
0x00af94c8	MiidiAdView
0x00af94f0	MAUtils
0x00af9518	MATask
0x00af9554	MAStrategyFactory
0x00af9568	MAResult
0x00af95a4	MAFormSizeDecide
0x00af95b8	MAClientProfile
0x00af95f4	MATokenGen
0x00af9608	MATaskInit
0x00af9630	MAWaitingView
0x00af966c	MAFormPolicy
0x00af9680	MATaskGetForms
0x00af96a8	MATaskGetAppConf
0x00af96d0	MAWaitingWindow
0x00af96f8	MAAtomicInteger
0x00af9734	MiidiAdDesc
0x00af9748	MAStrategyExpired
0x00af9784	MAStrategy
0x00af9798	MAAdViewImageView
0x00af97c0	MAFormElementImage
0x00af97e8	MAStackRequestSpot
0x00af9810	MAKeychainItemWrapper
0x00af9838	MAAdWallTaskShowOffer
0x00af9860	MANetDetector
0x00af9888	MAStrategyLowerWater
0x00af98c4	MATools
0x00af98d8	MAStackCommitCFBundleIdentifiers
0x00af9900	MAStackAwardPoint
0x00af9928	MAFormLogsBucket
0x00af9964	MAHJsonService
0x00af9978	MAFormsBucket
0x00af99a0	MASpotAdItem
0x00af99c8	MAAdWallFeedbackController
0x00af99f0	MAReachability
0x00af9a18	MACustomAdElement
0x00af9a40	MAFormReport
0x00af9a7c	MAModelMan
0x00af9a90	MASpotAdViewController
0x00af9ab8	MATaskCommitCFBundleIdentifiers
0x00af9ae0	MAAdViewBaseView
0x00af9b1c	MAPhoneUtils
0x00af9b30	MAStackCommitViewFormLogs
0x00af9b6c	MATokenKey
0x00af9b80	Flurry
0x00af9ba8	FlurryEvent
0x00af9bd0	FlurryFileCache
0x00af9bf8	FlurryHeartBeater
0x00af9c20	FlurryReachability
0x00af9c48	FlurryPageViewDelegate
0x00af9c70	FlurryProtocolData
0x00af9c98	FlurrySession
0x00af9cc0	FlurryUtil
0x00af9ce8	FlurryConnectionDelegate
0x00af9d10	FlurryHTTPResponse
0x00af9d38	FlurryAutoIncrement
0x00af9d60	FlurryNetworkUtil
0x00af9d88	FlurryHttpAsyncTask
0x00af9db0	FlurryDataSender
0x00af9dd8	FlurryDataSenderBlockInfo
0x00af9e00	FlurryDataSenderIndex
0x00af9e28	FlurryImpl
0x00af9e50	FlurrySharedData
0x00af9e78	FlurryDataSenderBase
0x00af9ea0	FlurryGlobalVariableStorage
0x00af9ec8	FlurryError
0x00af9ef0	FlurryKeychainWrapper
0x00af9f18	FlurryPLCrashSignalHandler
0x00af9f40	FlurryPLCrashReporter
0x00af9f68	FlurryPLCrashReport
0x00af9f90	FlurryPLCrashReportSystemInfo
0x00af9fb8	FlurryPLCrashReportApplicationInfo
0x00af9fe0	FlurryPLCrashReportThreadInfo
0x00afa008	FlurryPLCrashReportBinaryImageInfo
0x00afa030	FlurryPLCrashReportExceptionInfo
0x00afa058	FlurryPLCrashReportSignalInfo
0x00afa080	FlurryPLCrashReportProcessInfo
0x00afa0a8	FlurryPLCrashReportTextFormatter
0x00afa0d0	FlurryPLCrashReportProcessorInfo
0x00afa0f8	FlurryPLCrashReportMachineInfo
0x00afa120	FlurryPLCrashReportStackFrameInfo
0x00afa148	FlurryPLCrashReportRegisterInfo
0x00afa170	FlurryPLCrashReportSymbolInfo
0x00afa198	FlurryPLCrashMachExceptionServer
0x00afa1c0	FlurryPLCrashProcessInfo
0x00afa1e8	FlurryPLCrashHostInfo
0x00afa210	FlurryPLCrashMachExceptionPort
0x00afa238	FlurryPLCrashMachExceptionPortSet
0x00afa260	FlurryPLCrashReporterConfig
0x00afa29c	FlurryPLCrashUncaughtExceptionHandler
0x00afa2b0	FlurryPLCrashReportMachExceptionInfo
