0x00AED488	CTTelephonyNetworkInfo
0x00AED484	ASIdentifierManager
0x00AECCC0	SKPayment
0x00AECCB0	SKPaymentQueue
0x009F1DAC	SKProduct
0x00AECCDC	SKProductsRequest
0x00A90FDC	SKStoreProductViewController
0x00AED48C	NSAssertionHandler
0x00AEC64C	NSAutoreleasePool
0x00AEDE58	NSBlockOperation
0x00AEC5F8	NSBundle
0x00AEDD9C	NSCachedURLResponse
0x00AFDCA4	NSCharacterSet
0x00AECB8C	NSCharacterSet
0x00AECCB8	NSDateFormatter
0x00AECF78	NSDecimalNumber
0x00AECCE0	NSError
0x00AF6F94	NSFileHandle
0x00AFA360	NSFileHandle
0x00AFD54C	NSFileHandle
0x00AFE500	NSFileHandle
0x00B00C74	NSFileHandle
0x00AED088	NSFileHandle
0x00AEC6B8	NSFileManager
0x00AECFFC	NSHTTPCookie
0x00AECF98	NSHTTPCookieStorage
0x00AED258	NSHTTPURLResponse
0x00AED034	NSIndexPath
0x00AEDE5C	NSIndexSet
0x00AEC768	NSInvocationOperation
0x00AED46C	NSJSONSerialization
0x00AECA90	NSKeyedArchiver
0x00AECA94	NSKeyedUnarchiver
0x00AED050	NSLock
0x00AECF7C	NSMutableCharacterSet
0x00AED040	NSMutableIndexSet
0x00AEC88C	NSMutableString
0x00A12B78	NSMutableURLRequest
0x00AEC674	NSNotificationCenter
0x00AF377C	NSNotificationCenter
0x00AFE334	NSNotificationCenter
0x009F1B30	NSNotificationCenter
0x00AEC73C	NSNumber
0x00AFD8D0	NSNumber
0x00A6DB28	NSNumber
0x00AEC700	NSNumberFormatter
0x00AECCE4	NSNumberFormatter
0x00AF38BC	NSOperation
0x00AF3EAC	NSOperationQueue
0x00AF629C	NSOperationQueue
0x00AF63A0	NSOperationQueue
0x00AFAA7C	NSOperationQueue
0x00AFB15C	NSOperationQueue
0x00AFBCEC	NSOperationQueue
0x00AFEB54	NSOperationQueue
0x00B00404	NSOperationQueue
0x00B01624	NSOperationQueue
0x00AEC764	NSOperationQueue
0x00AF3EFC	NSPredicate
0x00AFAAA4	NSPredicate
0x00AFB1AC	NSPredicate
0x00AFBD3C	NSPredicate
0x00AFEBA4	NSPredicate
0x00B00904	NSPredicate
0x00AECAD8	NSPredicate
0x00AED068	NSProcessInfo
0x00AED6D4	NSPropertyListSerialization
0x00AED064	NSRecursiveLock
0x00AED024	NSRegularExpression
0x00AECE68	NSScanner
0x00AED044	NSSortDescriptor
0x009F1B5C	NSString
0x00A07B00	NSThread
0x00A07C64	NSThread
0x00A1168C	NSThread
0x00A12BB0	NSThread
0x00A1D1E4	NSThread
0x00A31D50	NSThread
0x00A61E50	NSThread
0x00A62B88	NSThread
0x00A62CEC	NSThread
0x00A64370	NSThread
0x00A67FF0	NSThread
0x00A68154	NSThread
0x00A6F924	NSThread
0x00A76238	NSThread
0x00A7639C	NSThread
0x00A80678	NSThread
0x00A807DC	NSThread
0x00A85A10	NSThread
0x00A85B74	NSThread
0x00A8B434	NSThread
0x00A8BB38	NSThread
0x00A917EC	NSThread
0x00A93870	NSThread
0x00A939D4	NSThread
0x00ABFF7C	NSThread
0x00AC05F8	NSThread
0x00AC075C	NSThread
0x00ACFC48	NSThread
0x00ACFDAC	NSThread
0x00AEC5DC	NSThread
0x00AEC758	NSThread
0x00AED95C	NSURLCache
0x00AEC670	NSURLConnection
0x00AED07C	NSURLCredential
0x00AED084	NSURLCredentialStorage
0x00AED080	NSURLProtectionSpace
0x00AEDB0C	NSURLProtocol
0x00AFDD1C	NSURLRequest
0x00AFFB44	NSURLRequest
0x00AEC6BC	NSURLRequest
0x00AEDB10	NSURLResponse
0x00AEDEC8	NSUUID
0x00AEC8D8	NSValue
0x00AEC778	NSXMLParser
0x00AED268	CMMotionManager
0x00AED9BC	MKMapView
0x00AED9C0	MKReverseGeocoder
0x00AED234	CLLocationManager
0x00AEDE38	EKEvent
0x00AED978	EKEventStore
0x00AED974	EKEventEditViewController
0x00AECD20	EAGLContext
0x00AEDEDC	CAAnimationGroup
0x00AED764	CABasicAnimation
0x00AED1A4	CAEAGLLayer
0x00AED91C	CAKeyframeAnimation
0x00AED898	CALayer
0x00AED768	CAMediaTimingFunction
0x00AED89C	CATransaction
0x00AEE140	CATransition
0x00AED120	UIAccelerometer
0x00ABEAC4	UIActionSheet
0x00AED054	UIActivityIndicatorView
0x00AF3D1C	UIActivityIndicatorView
0x00AF7D7C	UIActivityIndicatorView
0x00AECD14	UIActivityIndicatorView
0x00ABEB08	UIAlertView
0x00AEC658	UIApplication
0x00AF6B34	UIApplication
0x00AFC994	UIApplication
0x00AEC680	UIApplication
0x00AED010	UIBarButtonItem
0x00AF7048	UIBezierPath
0x00AEDE6C	UIBezierPath
0x00A87118	UIButton
0x00A8AE48	UIColor
0x00AECDD4	UIColor
0x00AF6F6C	UIColor
0x00AF91F4	UIColor
0x00AF9BF4	UIColor
0x00AFAAF4	UIColor
0x00AFB2C4	UIColor
0x00AFE140	UIColor
0x00A3A7B0	UIColor
0x00ABBC3C	UIControl
0x00ABBC68	UIControl
0x00AECC98	UIControl
0x00AECE6C	UIControl
0x00AFF1E4	UIDevice
0x00B012B4	UIDevice
0x00A2F3D8	UIDevice
0x00A40B08	UIFont
0x00A653E8	UIFont
0x00A6E680	UIFont
0x00ABA5C8	UIFont
0x00ABBD3C	UIFont
0x00AEC660	UIFont
0x00AFA6BC	UIFont
0x00AECC94	UIFont
0x00AFDCF4	UIGestureRecognizer
0x00A7532C	UIImage
0x00A86670	UIImagePickerController
0x00AECB3C	UIImagePickerController
0x00AED97C	UIImagePickerController
0x00AFA0A4	UIImageView
0x00A87310	UIImageView
0x00A8AEA0	UILabel
0x00ABE7D4	UILabel
0x00ABE85C	UILabel
0x00AECDB0	UILabel
0x00AF9BCC	UILabel
0x00AFB2EC	UILabel
0x00AFF16C	UILabel
0x00A8AE74	UILabel
0x00AECD18	UILocalNotification
0x00AF660C	UILocalNotification
0x00AFAB1C	UILocalNotification
0x00AECD84	UILocalNotification
0x00AED610	UINavigationBar
0x00AECFC4	UINavigationController
0x00AF3664	UINavigationItem
0x00AFC1C4	UINavigationItem
0x00AFD1C8	UINavigationItem
0x00AFF234	UINavigationItem
0x00AED614	UINavigationItem
0x00AED2B0	UIPageControl
0x00AFB4A4	UIPanGestureRecognizer
0x00AED5E8	UIPanGestureRecognizer
0x00AED39C	UIPasteboard
0x00AED90C	UIPickerView
0x00AED4B4	UIPopoverController
0x00AF16AC	UIProgressView
0x00B00ABC	UIScreen
0x00AEC68C	UIScreen
0x00AED2A4	UIScrollView
0x00AF98FC	UISearchBar
0x00AEDC98	UISearchBar
0x00AED4D0	UISegmentedControl
0x00AED03C	UISwitch
0x00AEE1BC	UITabBarController
0x00AED058	UITableView
0x00AFC23C	UITableViewCell
0x00AFC584	UITableViewCell
0x00AECDAC	UITableViewCell
0x00AF2494	UITableViewController
0x00AF3998	UITableViewController
0x00AF3D94	UITableViewController
0x00AF9A14	UITableViewController
0x00AF9A64	UITableViewController
0x00AFC2B4	UITableViewController
0x00AFC7B4	UITableViewController
0x00AFF194	UITableViewController
0x00AF2264	UITableViewController
0x00AF2354	UITapGestureRecognizer
0x00AF23CC	UITapGestureRecognizer
0x00AF3D6C	UITapGestureRecognizer
0x00AF3E0C	UITapGestureRecognizer
0x00AF7E6C	UITapGestureRecognizer
0x00AF98AC	UITapGestureRecognizer
0x00AF9924	UITapGestureRecognizer
0x00AF999C	UITapGestureRecognizer
0x00AF99C4	UITapGestureRecognizer
0x00AF9A3C	UITapGestureRecognizer
0x00AED2A8	UITapGestureRecognizer
0x00AECB9C	UITextField
0x00AECDEC	UITextView
0x00AF9BA4	UIToolbar
0x00AED05C	UIToolbar
0x00AFA054	UIView
0x00AECD1C	UIView
0x00AF16C0	UIViewController
0x00AF3A24	UIViewController
0x00AF3AEC	UIViewController
0x00AF3D44	UIViewController
0x00AF3FEC	UIViewController
0x00AF6184	UIViewController
0x00AF6FBC	UIViewController
0x00AF7944	UIViewController
0x00AF79BC	UIViewController
0x00AF9014	UIViewController
0x00AF91CC	UIViewController
0x00AFA02C	UIViewController
0x00AFA194	UIViewController
0x00AFA324	UIViewController
0x00AFA43C	UIViewController
0x00AFA48C	UIViewController
0x00AFA52C	UIViewController
0x00AFA5CC	UIViewController
0x00AFA70C	UIViewController
0x00AFAB44	UIViewController
0x00AFAB94	UIViewController
0x00AFABBC	UIViewController
0x00AFABE4	UIViewController
0x00AFAC0C	UIViewController
0x00AFAC34	UIViewController
0x00AFAC5C	UIViewController
0x00AFAC84	UIViewController
0x00AFACD4	UIViewController
0x00AFACFC	UIViewController
0x00AFAFF4	UIViewController
0x00AFB404	UIViewController
0x00AFB418	UIViewController
0x00AFB47C	UIViewController
0x00AFB5BC	UIViewController
0x00AFB5E4	UIViewController
0x00AFB60C	UIViewController
0x00AFB634	UIViewController
0x00AFB65C	UIViewController
0x00AFB684	UIViewController
0x00AFB6AC	UIViewController
0x00AFB6D4	UIViewController
0x00AFB6FC	UIViewController
0x00AFB74C	UIViewController
0x00AFB774	UIViewController
0x00AFB79C	UIViewController
0x00AFC124	UIViewController
0x00AFC19C	UIViewController
0x00AFC214	UIViewController
0x00AFC278	UIViewController
0x00AFC28C	UIViewController
0x00AFC41C	UIViewController
0x00AFC444	UIViewController
0x00AFC46C	UIViewController
0x00AFC624	UIViewController
0x00AFC7DC	UIViewController
0x00AFC804	UIViewController
0x00AFC82C	UIViewController
0x00AFC854	UIViewController
0x00AFC87C	UIViewController
0x00AFCFD4	UIViewController
0x00AFD95C	UIViewController
0x00AFE564	UIViewController
0x00AFF0F4	UIViewController
0x00AFF1BC	UIViewController
0x00AFF284	UIViewController
0x00AFF2D4	UIViewController
0x00AFF2FC	UIViewController
0x00AFFE64	UIViewController
0x00AFFF68	UIViewController
0x00AFFFA4	UIViewController
0x00B00094	UIViewController
0x00B000BC	UIViewController
0x00B001FC	UIViewController
0x00B00260	UIViewController
0x00B00274	UIViewController
0x00B004CC	UIViewController
0x00B004E0	UIViewController
0x00B00724	UIViewController
0x00B00B0C	UIViewController
0x00B00E7C	UIViewController
0x00B010FC	UIViewController
0x00B01A34	UIViewController
0x00B01C64	UIViewController
0x00B01E1C	UIViewController
0x00B0213C	UIViewController
0x00B022A4	UIViewController
0x00B0240C	UIViewController
0x00B028BC	UIViewController
0x00A8106C	UIViewController
0x00AECFC0	UIWebView
0x00AEFDD4	UIWebView
0x00AF23F4	UIWebView
0x00AF3C04	UIWebView
0x00AF3C7C	UIWebView
0x00AF3DE4	UIWebView
0x00AF3E48	UIWebView
0x00AF700C	UIWebView
0x00AF796C	UIWebView
0x00AF7994	UIWebView
0x00AF7B74	UIWebView
0x00AF7E94	UIWebView
0x00AF9884	UIWebView
0x00AF994C	UIWebView
0x00AFA07C	UIWebView
0x00AFA6E4	UIWebView
0x00AFA748	UIWebView
0x00AFA89C	UIWebView
0x00AFB080	UIWebView
0x00AFB454	UIWebView
0x00AFBC10	UIWebView
0x00AFBF1C	UIWebView
0x00AFC034	UIWebView
0x00AFC0FC	UIWebView
0x00AFC14C	UIWebView
0x00AFC174	UIWebView
0x00AFC304	UIWebView
0x00AFC55C	UIWebView
0x00AFC674	UIWebView
0x00AFC69C	UIWebView
0x00AFC9BC	UIWebView
0x00AFCF0C	UIWebView
0x00AFD038	UIWebView
0x00AFD1B4	UIWebView
0x00AFD2CC	UIWebView
0x00AFD68C	UIWebView
0x00AFD9FC	UIWebView
0x00AFE0F0	UIWebView
0x00AFE2E4	UIWebView
0x00AFEA78	UIWebView
0x00AFF11C	UIWebView
0x00AFF144	UIWebView
0x00AFF20C	UIWebView
0x00AFF25C	UIWebView
0x00AFF2AC	UIWebView
0x00AFFF2C	UIWebView
0x00B0010C	UIWebView
0x00B01CDC	UIWebView
0x00B021B4	UIWebView
0x00B027A4	UIWebView
0x00B0286C	UIWebView
0x00A12B40	UIWebView
0x00ABA5F4	UIWindow
0x00AECD54	UIWindow
0x00AFCDF4	UIWindow
0x00AFDBDC	UIWindow
0x00AFE03C	UIWindow
0x00B000E4	UIWindow
0x00B01214	UIWindow
0x00AEC688	UIWindow
0x00AED1B0	AVAudioPlayer
0x00AEDB4C	AVAudioRecorder
0x00AED1B4	AVAudioSession
0x00AED09C	MPMoviePlayerController
0x00AEDE28	MPMoviePlayerViewController
0x00AFE474	MPMusicPlayerController
0x00AEDB64	MPMusicPlayerController
0x00A78440	MFMailComposeViewController
0x00AED770	MFMessageComposeViewController
0x00AFE294	MFMessageComposeViewController
0x00AED980	MFMessageComposeViewController
0x00A07CCC	NSArray
0x00A07D6C	NSCache
0x00A62D54	NSCache
0x00A62DF4	NSCache
0x00A681BC	NSCache
0x00A6825C	NSCache
0x00A76404	NSCache
0x00A764A4	NSCache
0x00A80844	NSCache
0x00A808E4	NSCache
0x00A85BDC	NSCache
0x00A85C7C	NSCache
0x00A93A3C	NSCache
0x00A93ADC	NSCache
0x00AC07C4	NSCache
0x00AC0864	NSCache
0x00ACFE14	NSCache
0x00ACFEB4	NSCache
0x00AEC760	NSCache
0x00AFFB1C	NSCache
0x00AFFC0C	NSCache
0x00B00454	NSCache
0x00AECFE0	NSCalendar
0x00A07B68	NSData
0x00A2F3A0	NSDate
0x00A62BF0	NSDate
0x00A68058	NSDate
0x00A762A0	NSDate
0x00A806E0	NSDate
0x00A85A78	NSDate
0x00A8E714	NSDate
0x00A938D8	NSDate
0x00AC0660	NSDate
0x00ACFCB0	NSDate
0x00AEC774	NSDate
0x00AECCB4	NSDate
0x00AED9CC	NSDateComponents
0x00A07D34	NSDictionary
0x00A07DA4	NSEnumerator
0x00A32988	NSEnumerator
0x00A61E7C	NSEnumerator
0x00A62DBC	NSEnumerator
0x00A62E2C	NSEnumerator
0x00A68224	NSEnumerator
0x00A68294	NSEnumerator
0x00A7646C	NSEnumerator
0x00A764DC	NSEnumerator
0x00A808AC	NSEnumerator
0x00A8091C	NSEnumerator
0x00A85C44	NSEnumerator
0x00A85CB4	NSEnumerator
0x00A93AA4	NSEnumerator
0x00A93B14	NSEnumerator
0x00ABFF50	NSEnumerator
0x00AC082C	NSEnumerator
0x00AC089C	NSEnumerator
0x00ACFE7C	NSEnumerator
0x00ACFEEC	NSEnumerator
0x00AEC5C0	NSEnumerator
0x00AF2C14	NSEnumerator
0x00AFA39C	NSException
0x00AFA93C	NSException
0x00AFB364	NSException
0x00AFBF6C	NSException
0x00AFC37C	NSException
0x00AFD09C	NSException
0x00AFD36C	NSException
0x00AFF8C4	NSException
0x00B0060C	NSException
0x00B01AD4	NSException
0x00AECCE8	NSException
0x00AF1620	NSInputStream
0x00AFAA18	NSInputStream
0x00AED070	NSInputStream
0x00AED078	NSInvocation
0x00AEC8A0	NSLocale
0x00AEC724	NSMutableArray
0x00AF2BEC	NSMutableData
0x00AFA374	NSMutableData
0x00AFA914	NSMutableData
0x00AFB33C	NSMutableData
0x00AFBF44	NSMutableData
0x00AFC354	NSMutableData
0x00AFD074	NSMutableData
0x00AFD344	NSMutableData
0x00AFF89C	NSMutableData
0x00B005E4	NSMutableData
0x00B01AAC	NSMutableData
0x00AEC9B8	NSMutableData
0x00AEC770	NSMutableDictionary
0x00AF2C3C	NSMutableOrderedSet
0x00AFA3C4	NSMutableOrderedSet
0x00AFA964	NSMutableOrderedSet
0x00AFB38C	NSMutableOrderedSet
0x00AFBF94	NSMutableOrderedSet
0x00AFC3A4	NSMutableOrderedSet
0x00AFD0C4	NSMutableOrderedSet
0x00AFD394	NSMutableOrderedSet
0x00AFF8EC	NSMutableOrderedSet
0x00B00634	NSMutableOrderedSet
0x00B01AFC	NSMutableOrderedSet
0x00AEE240	NSMutableOrderedSet
0x00AECCD8	NSMutableSet
0x00AECBA0	NSNull
0x00A11654	NSObject
0x00A23514	NSOrderedSet
0x00A8B408	NSOrderedSet
0x00AECB90	NSOrderedSet
0x00AEFD5C	NSOrderedSet
0x00AEFD84	NSOrderedSet
0x00AEFE24	NSOrderedSet
0x00AEFE4C	NSOrderedSet
0x00AEFE74	NSOrderedSet
0x00AEFE9C	NSOrderedSet
0x00AEFEC4	NSOrderedSet
0x00AEFFB4	NSOrderedSet
0x00AEFFDC	NSOrderedSet
0x00AF0004	NSOrderedSet
0x00AF002C	NSOrderedSet
0x00AF0144	NSOrderedSet
0x00AF0194	NSOrderedSet
0x00AF01BC	NSOrderedSet
0x00AF01E4	NSOrderedSet
0x00AF020C	NSOrderedSet
0x00AF0248	NSOrderedSet
0x00AF025C	NSOrderedSet
0x00AF0284	NSOrderedSet
0x00AF02AC	NSOrderedSet
0x00AF02D4	NSOrderedSet
0x00AF0324	NSOrderedSet
0x00AF034C	NSOrderedSet
0x00AF0374	NSOrderedSet
0x00AF039C	NSOrderedSet
0x00AF03C4	NSOrderedSet
0x00AF03EC	NSOrderedSet
0x00AF0414	NSOrderedSet
0x00AF043C	NSOrderedSet
0x00AF0464	NSOrderedSet
0x00AF048C	NSOrderedSet
0x00AF04B4	NSOrderedSet
0x00AF0504	NSOrderedSet
0x00AF052C	NSOrderedSet
0x00AF0554	NSOrderedSet
0x00AF057C	NSOrderedSet
0x00AF05A4	NSOrderedSet
0x00AF05CC	NSOrderedSet
0x00AF05F4	NSOrderedSet
0x00AF061C	NSOrderedSet
0x00AF0644	NSOrderedSet
0x00AF066C	NSOrderedSet
0x00AF0694	NSOrderedSet
0x00AF06BC	NSOrderedSet
0x00AF075C	NSOrderedSet
0x00AF07D4	NSOrderedSet
0x00AF0978	NSOrderedSet
0x00AF0A54	NSOrderedSet
0x00AF0A7C	NSOrderedSet
0x00AF0AA4	NSOrderedSet
0x00AF0ACC	NSOrderedSet
0x00AF0BE4	NSOrderedSet
0x00AF0C0C	NSOrderedSet
0x00AF0C34	NSOrderedSet
0x00AF0F2C	NSOrderedSet
0x00AF0F7C	NSOrderedSet
0x00AF0FCC	NSOrderedSet
0x00AF106C	NSOrderedSet
0x00AF1094	NSOrderedSet
0x00AF115C	NSOrderedSet
0x00AF1184	NSOrderedSet
0x00AF11D4	NSOrderedSet
0x00AF133C	NSOrderedSet
0x00AF1364	NSOrderedSet
0x00AF138C	NSOrderedSet
0x00AF13B4	NSOrderedSet
0x00AF142C	NSOrderedSet
0x00AF1454	NSOrderedSet
0x00AF147C	NSOrderedSet
0x00AF14A4	NSOrderedSet
0x00AF14CC	NSOrderedSet
0x00AF14F4	NSOrderedSet
0x00AF151C	NSOrderedSet
0x00AF1544	NSOrderedSet
0x00AF15BC	NSOrderedSet
0x00AF15E4	NSOrderedSet
0x00AF1634	NSOrderedSet
0x00AF1D14	NSOrderedSet
0x00AF1E04	NSOrderedSet
0x00AF1E54	NSOrderedSet
0x00AF1E7C	NSOrderedSet
0x00AF1EA4	NSOrderedSet
0x00AF1EE0	NSOrderedSet
0x00AF1F44	NSOrderedSet
0x00AF200C	NSOrderedSet
0x00AF219C	NSOrderedSet
0x00AF228C	NSOrderedSet
0x00AF22B4	NSOrderedSet
0x00AF2304	NSOrderedSet
0x00AF26C4	NSOrderedSet
0x00AF2854	NSOrderedSet
0x00AF287C	NSOrderedSet
0x00AF2944	NSOrderedSet
0x00AF2A84	NSOrderedSet
0x00AF2AD4	NSOrderedSet
0x00AF2B4C	NSOrderedSet
0x00AF2C64	NSOrderedSet
0x00AF2C8C	NSOrderedSet
0x00AF2D2C	NSOrderedSet
0x00AF2DCC	NSOrderedSet
0x00AF2E08	NSOrderedSet
0x00AF2E1C	NSOrderedSet
0x00AF2E44	NSOrderedSet
0x00AF2E6C	NSOrderedSet
0x00AF2E94	NSOrderedSet
0x00AF2F34	NSOrderedSet
0x00AF2F5C	NSOrderedSet
0x00AF2F84	NSOrderedSet
0x00AF2FAC	NSOrderedSet
0x00AF309C	NSOrderedSet
0x00AF318C	NSOrderedSet
0x00AF31B4	NSOrderedSet
0x00AF322C	NSOrderedSet
0x00AF3254	NSOrderedSet
0x00AF34AC	NSOrderedSet
0x00AF354C	NSOrderedSet
0x00AF35C4	NSOrderedSet
0x00AF36A0	NSOrderedSet
0x00AF36DC	NSOrderedSet
0x00AF3704	NSOrderedSet
0x00AF3740	NSOrderedSet
0x00AF3768	NSOrderedSet
0x00AF37B8	NSOrderedSet
0x00AF37CC	NSOrderedSet
0x00AF37F4	NSOrderedSet
0x00AF381C	NSOrderedSet
0x00AF3844	NSOrderedSet
0x00AF386C	NSOrderedSet
0x00AF3894	NSOrderedSet
0x00AF39AC	NSOrderedSet
0x00AF39FC	NSOrderedSet
0x00AF3A4C	NSOrderedSet
0x00AF3A9C	NSOrderedSet
0x00AF3B64	NSOrderedSet
0x00AF3B8C	NSOrderedSet
0x00AF3BB4	NSOrderedSet
0x00AF3DBC	NSOrderedSet
0x00AF3E5C	NSOrderedSet
0x00AF3ED4	NSOrderedSet
0x00AF3F4C	NSOrderedSet
0x00AF3F9C	NSOrderedSet
0x00AF3FC4	NSOrderedSet
0x00AF4014	NSOrderedSet
0x00AF4D48	NSOrderedSet
0x00AF5004	NSOrderedSet
0x00AF502C	NSOrderedSet
0x00AF507C	NSOrderedSet
0x00AF50B8	NSOrderedSet
0x00AF50CC	NSOrderedSet
0x00AF50F4	NSOrderedSet
0x00AF511C	NSOrderedSet
0x00AF51BC	NSOrderedSet
0x00AF548C	NSOrderedSet
0x00AF54B4	NSOrderedSet
0x00AF57C0	NSOrderedSet
0x00AF5824	NSOrderedSet
0x00AF584C	NSOrderedSet
0x00AF58C4	NSOrderedSet
0x00AF58EC	NSOrderedSet
0x00AF5914	NSOrderedSet
0x00AF593C	NSOrderedSet
0x00AF5964	NSOrderedSet
0x00AF598C	NSOrderedSet
0x00AF59B4	NSOrderedSet
0x00AF5A2C	NSOrderedSet
0x00AF5AA4	NSOrderedSet
0x00AF5ACC	NSOrderedSet
0x00AF5AF4	NSOrderedSet
0x00AF60D0	NSOrderedSet
0x00AF60E4	NSOrderedSet
0x00AF61AC	NSOrderedSet
0x00AF61FC	NSOrderedSet
0x00AF6224	NSOrderedSet
0x00AF62B0	NSOrderedSet
0x00AF62D8	NSOrderedSet
0x00AF633C	NSOrderedSet
0x00AF6378	NSOrderedSet
0x00AF638C	NSOrderedSet
0x00AF63B4	NSOrderedSet
0x00AF63F0	NSOrderedSet
0x00AF642C	NSOrderedSet
0x00AF6454	NSOrderedSet
0x00AF647C	NSOrderedSet
0x00AF6594	NSOrderedSet
0x00AF65BC	NSOrderedSet
0x00AF65E4	NSOrderedSet
0x00AF6634	NSOrderedSet
0x00AF665C	NSOrderedSet
0x00AF6670	NSOrderedSet
0x00AF66D4	NSOrderedSet
0x00AF66FC	NSOrderedSet
0x00AF674C	NSOrderedSet
0x00AF6774	NSOrderedSet
0x00AF67C4	NSOrderedSet
0x00AF6904	NSOrderedSet
0x00AF692C	NSOrderedSet
0x00AF6A44	NSOrderedSet
0x00AF6A6C	NSOrderedSet
0x00AF6B84	NSOrderedSet
0x00AF6BAC	NSOrderedSet
0x00AF6C74	NSOrderedSet
0x00AF6C9C	NSOrderedSet
0x00AF6CEC	NSOrderedSet
0x00AF6E7C	NSOrderedSet
0x00AF6EA4	NSOrderedSet
0x00AF6ECC	NSOrderedSet
0x00AF6EF4	NSOrderedSet
0x00AF6F1C	NSOrderedSet
0x00AF6F44	NSOrderedSet
0x00AF705C	NSOrderedSet
0x00AF7084	NSOrderedSet
0x00AF71EC	NSOrderedSet
0x00AF72B4	NSOrderedSet
0x00AF737C	NSOrderedSet
0x00AF73A4	NSOrderedSet
0x00AF755C	NSOrderedSet
0x00AF7584	NSOrderedSet
0x00AF75AC	NSOrderedSet
0x00AF75FC	NSOrderedSet
0x00AF769C	NSOrderedSet
0x00AF76C4	NSOrderedSet
0x00AF7714	NSOrderedSet
0x00AF7804	NSOrderedSet
0x00AF782C	NSOrderedSet
0x00AF7854	NSOrderedSet
0x00AF78CC	NSOrderedSet
0x00AF78F4	NSOrderedSet
0x00AF7930	NSOrderedSet
0x00AF7A34	NSOrderedSet
0x00AF7AD4	NSOrderedSet
0x00AF7B24	NSOrderedSet
0x00AF7B4C	NSOrderedSet
0x00AF7BC4	NSOrderedSet
0x00AF7BEC	NSOrderedSet
0x00AF7C14	NSOrderedSet
0x00AF7C3C	NSOrderedSet
0x00AF7C64	NSOrderedSet
0x00AF7C8C	NSOrderedSet
0x00AF7CDC	NSOrderedSet
0x00AF7D04	NSOrderedSet
0x00AF7D2C	NSOrderedSet
0x00AF7D68	NSOrderedSet
0x00AF7DA4	NSOrderedSet
0x00AF7DE0	NSOrderedSet
0x00AF7DF4	NSOrderedSet
0x00AF7E30	NSOrderedSet
0x00AF7E44	NSOrderedSet
0x00AF7EE4	NSOrderedSet
0x00AF7F5C	NSOrderedSet
0x00AF8060	NSOrderedSet
0x00AF813C	NSOrderedSet
0x00AF82A4	NSOrderedSet
0x00AF82CC	NSOrderedSet
0x00AF831C	NSOrderedSet
0x00AF8344	NSOrderedSet
0x00AF836C	NSOrderedSet
0x00AF8394	NSOrderedSet
0x00AF83BC	NSOrderedSet
0x00AF83E4	NSOrderedSet
0x00AF840C	NSOrderedSet
0x00AF84C0	NSOrderedSet
0x00AF84D4	NSOrderedSet
0x00AF8614	NSOrderedSet
0x00AF868C	NSOrderedSet
0x00AF87F4	NSOrderedSet
0x00AF881C	NSOrderedSet
0x00AF8844	NSOrderedSet
0x00AF886C	NSOrderedSet
0x00AF89FC	NSOrderedSet
0x00AF8A4C	NSOrderedSet
0x00AF8C54	NSOrderedSet
0x00AF8C7C	NSOrderedSet
0x00AF8CA4	NSOrderedSet
0x00AF8CCC	NSOrderedSet
0x00AF8CF4	NSOrderedSet
0x00AF8D1C	NSOrderedSet
0x00AF8D44	NSOrderedSet
0x00AF8E0C	NSOrderedSet
0x00AF8E34	NSOrderedSet
0x00AF8E5C	NSOrderedSet
0x00AF8E84	NSOrderedSet
0x00AF8EAC	NSOrderedSet
0x00AF921C	NSOrderedSet
0x00AF9258	NSOrderedSet
0x00AF926C	NSOrderedSet
0x00AF9280	NSOrderedSet
0x00AF92BC	NSOrderedSet
0x00AF93FC	NSOrderedSet
0x00AF9424	NSOrderedSet
0x00AF94C4	NSOrderedSet
0x00AF958C	NSOrderedSet
0x00AF95F0	NSOrderedSet
0x00AF9604	NSOrderedSet
0x00AF9640	NSOrderedSet
0x00AF9654	NSOrderedSet
0x00AF967C	NSOrderedSet
0x00AF96A4	NSOrderedSet
0x00AF96CC	NSOrderedSet
0x00AF96F4	NSOrderedSet
0x00AF971C	NSOrderedSet
0x00AF9744	NSOrderedSet
0x00AF976C	NSOrderedSet
0x00AF9794	NSOrderedSet
0x00AF97BC	NSOrderedSet
0x00AF97E4	NSOrderedSet
0x00AF980C	NSOrderedSet
0x00AF9834	NSOrderedSet
0x00AF985C	NSOrderedSet
0x00AF98D4	NSOrderedSet
0x00AF9A8C	NSOrderedSet
0x00AF9AB4	NSOrderedSet
0x00AF9ADC	NSOrderedSet
0x00AF9B04	NSOrderedSet
0x00AF9B2C	NSOrderedSet
0x00AF9B54	NSOrderedSet
0x00AF9B7C	NSOrderedSet
0x00AF9C1C	NSOrderedSet
0x00AF9C44	NSOrderedSet
0x00AF9C6C	NSOrderedSet
0x00AF9C94	NSOrderedSet
0x00AF9CBC	NSOrderedSet
0x00AF9CE4	NSOrderedSet
0x00AF9D0C	NSOrderedSet
0x00AF9D34	NSOrderedSet
0x00AF9D5C	NSOrderedSet
0x00AF9D84	NSOrderedSet
0x00AF9DAC	NSOrderedSet
0x00AF9DD4	NSOrderedSet
0x00AF9DFC	NSOrderedSet
0x00AFA0CC	NSOrderedSet
0x00AFA0F4	NSOrderedSet
0x00AFA130	NSOrderedSet
0x00AFA144	NSOrderedSet
0x00AFA16C	NSOrderedSet
0x00AFA1BC	NSOrderedSet
0x00AFA1E4	NSOrderedSet
0x00AFA20C	NSOrderedSet
0x00AFA248	NSOrderedSet
0x00AFA25C	NSOrderedSet
0x00AFA284	NSOrderedSet
0x00AFA2AC	NSOrderedSet
0x00AFA2D4	NSOrderedSet
0x00AFA2FC	NSOrderedSet
0x00AFA3EC	NSOrderedSet
0x00AFA414	NSOrderedSet
0x00AFA464	NSOrderedSet
0x00AFA4B4	NSOrderedSet
0x00AFA4DC	NSOrderedSet
0x00AFA504	NSOrderedSet
0x00AFA554	NSOrderedSet
0x00AFA57C	NSOrderedSet
0x00AFA5A4	NSOrderedSet
0x00AFA5F4	NSOrderedSet
0x00AFA61C	NSOrderedSet
0x00AFA644	NSOrderedSet
0x00AFA66C	NSOrderedSet
0x00AFA6A8	NSOrderedSet
0x00AFA784	NSOrderedSet
0x00AFA7AC	NSOrderedSet
0x00AFA7FC	NSOrderedSet
0x00AFA824	NSOrderedSet
0x00AFA84C	NSOrderedSet
0x00AFA874	NSOrderedSet
0x00AFA8C4	NSOrderedSet
0x00AFA8EC	NSOrderedSet
0x00AFA98C	NSOrderedSet
0x00AFA9B4	NSOrderedSet
0x00AFA9F0	NSOrderedSet
0x00AFAA2C	NSOrderedSet
0x00AFAA54	NSOrderedSet
0x00AFAACC	NSOrderedSet
0x00AFAD24	NSOrderedSet
0x00AFAD60	NSOrderedSet
0x00AFAD88	NSOrderedSet
0x00AFAD9C	NSOrderedSet
0x00AFADC4	NSOrderedSet
0x00AFADEC	NSOrderedSet
0x00AFAE14	NSOrderedSet
0x00AFAE3C	NSOrderedSet
0x00AFAE64	NSOrderedSet
0x00AFAE8C	NSOrderedSet
0x00AFAEB4	NSOrderedSet
0x00AFAEDC	NSOrderedSet
0x00AFAF04	NSOrderedSet
0x00AFAF40	NSOrderedSet
0x00AFAF54	NSOrderedSet
0x00AFAF90	NSOrderedSet
0x00AFAFA4	NSOrderedSet
0x00AFAFCC	NSOrderedSet
0x00AFB01C	NSOrderedSet
0x00AFB044	NSOrderedSet
0x00AFB0BC	NSOrderedSet
0x00AFB0E4	NSOrderedSet
0x00AFB10C	NSOrderedSet
0x00AFB184	NSOrderedSet
0x00AFB1D4	NSOrderedSet
0x00AFB1FC	NSOrderedSet
0x00AFB224	NSOrderedSet
0x00AFB24C	NSOrderedSet
0x00AFB274	NSOrderedSet
0x00AFB2B0	NSOrderedSet
0x00AFB328	NSOrderedSet
0x00AFB3B4	NSOrderedSet
0x00AFB3DC	NSOrderedSet
0x00AFB4CC	NSOrderedSet
0x00AFB4F4	NSOrderedSet
0x00AFB51C	NSOrderedSet
0x00AFB544	NSOrderedSet
0x00AFB56C	NSOrderedSet
0x00AFB594	NSOrderedSet
0x00AFB724	NSOrderedSet
0x00AFB7C4	NSOrderedSet
0x00AFB7EC	NSOrderedSet
0x00AFB814	NSOrderedSet
0x00AFB83C	NSOrderedSet
0x00AFB864	NSOrderedSet
0x00AFB88C	NSOrderedSet
0x00AFB8B4	NSOrderedSet
0x00AFB8DC	NSOrderedSet
0x00AFB904	NSOrderedSet
0x00AFB92C	NSOrderedSet
0x00AFB954	NSOrderedSet
0x00AFB97C	NSOrderedSet
0x00AFB9A4	NSOrderedSet
0x00AFB9CC	NSOrderedSet
0x00AFB9F4	NSOrderedSet
0x00AFBA1C	NSOrderedSet
0x00AFBA58	NSOrderedSet
0x00AFBA80	NSOrderedSet
0x00AFBA94	NSOrderedSet
0x00AFBAD0	NSOrderedSet
0x00AFBAE4	NSOrderedSet
0x00AFBB0C	NSOrderedSet
0x00AFBB48	NSOrderedSet
0x00AFBB84	NSOrderedSet
0x00AFBC4C	NSOrderedSet
0x00AFBC74	NSOrderedSet
0x00AFBC9C	NSOrderedSet
0x00AFBD14	NSOrderedSet
0x00AFBD64	NSOrderedSet
0x00AFBD8C	NSOrderedSet
0x00AFBDB4	NSOrderedSet
0x00AFBDF0	NSOrderedSet
0x00AFBE04	NSOrderedSet
0x00AFBE40	NSOrderedSet
0x00AFBE68	NSOrderedSet
0x00AFBE90	NSOrderedSet
0x00AFBEB8	NSOrderedSet
0x00AFBECC	NSOrderedSet
0x00AFBEF4	NSOrderedSet
0x00AFBFBC	NSOrderedSet
0x00AFBFE4	NSOrderedSet
0x00AFC00C	NSOrderedSet
0x00AFC05C	NSOrderedSet
0x00AFC098	NSOrderedSet
0x00AFC0AC	NSOrderedSet
0x00AFC0D4	NSOrderedSet
0x00AFC200	NSOrderedSet
0x00AFC2DC	NSOrderedSet
0x00AFC340	NSOrderedSet
0x00AFC3CC	NSOrderedSet
0x00AFC3F4	NSOrderedSet
0x00AFC494	NSOrderedSet
0x00AFC4BC	NSOrderedSet
0x00AFC4E4	NSOrderedSet
0x00AFC50C	NSOrderedSet
0x00AFC534	NSOrderedSet
0x00AFC5AC	NSOrderedSet
0x00AFC5D4	NSOrderedSet
0x00AFC610	NSOrderedSet
0x00AFC64C	NSOrderedSet
0x00AFC6D8	NSOrderedSet
0x00AFC6EC	NSOrderedSet
0x00AFC714	NSOrderedSet
0x00AFC73C	NSOrderedSet
0x00AFC778	NSOrderedSet
0x00AFC7A0	NSOrderedSet
0x00AFC8B8	NSOrderedSet
0x00AFC8E0	NSOrderedSet
0x00AFC8F4	NSOrderedSet
0x00AFC944	NSOrderedSet
0x00AFC9E4	NSOrderedSet
0x00AFCA0C	NSOrderedSet
0x00AFCA48	NSOrderedSet
0x00AFCA5C	NSOrderedSet
0x00AFCA84	NSOrderedSet
0x00AFCAAC	NSOrderedSet
0x00AFCBEC	NSOrderedSet
0x00AFCC14	NSOrderedSet
0x00AFCC3C	NSOrderedSet
0x00AFCC64	NSOrderedSet
0x00AFCC8C	NSOrderedSet
0x00AFCCB4	NSOrderedSet
0x00AFCCDC	NSOrderedSet
0x00AFCD04	NSOrderedSet
0x00AFCD2C	NSOrderedSet
0x00AFCD54	NSOrderedSet
0x00AFCD7C	NSOrderedSet
0x00AFCDA4	NSOrderedSet
0x00AFCDCC	NSOrderedSet
0x00AFCE1C	NSOrderedSet
0x00AFCE44	NSOrderedSet
0x00AFCF5C	NSOrderedSet
0x00AFCFAC	NSOrderedSet
0x00AFCFFC	NSOrderedSet
0x00AFD024	NSOrderedSet
0x00AFD0EC	NSOrderedSet
0x00AFD100	NSOrderedSet
0x00AFD13C	NSOrderedSet
0x00AFD164	NSOrderedSet
0x00AFD18C	NSOrderedSet
0x00AFD204	NSOrderedSet
0x00AFD240	NSOrderedSet
0x00AFD254	NSOrderedSet
0x00AFD27C	NSOrderedSet
0x00AFD2A4	NSOrderedSet
0x00AFD2F4	NSOrderedSet
0x00AFD31C	NSOrderedSet
0x00AFD3BC	NSOrderedSet
0x00AFD3E4	NSOrderedSet
0x00AFD420	NSOrderedSet
0x00AFD448	NSOrderedSet
0x00AFD45C	NSOrderedSet
0x00AFD4AC	NSOrderedSet
0x00AFD4D4	NSOrderedSet
0x00AFD4FC	NSOrderedSet
0x00AFD524	NSOrderedSet
0x00AFD574	NSOrderedSet
0x00AFD5B0	NSOrderedSet
0x00AFD5D8	NSOrderedSet
0x00AFD5EC	NSOrderedSet
0x00AFD650	NSOrderedSet
0x00AFD664	NSOrderedSet
0x00AFD6B4	NSOrderedSet
0x00AFD72C	NSOrderedSet
0x00AFD7A4	NSOrderedSet
0x00AFD7E0	NSOrderedSet
0x00AFD7F4	NSOrderedSet
0x00AFD894	NSOrderedSet
0x00AFD90C	NSOrderedSet
0x00AFD934	NSOrderedSet
0x00AFD984	NSOrderedSet
0x00AFD9AC	NSOrderedSet
0x00AFD9E8	NSOrderedSet
0x00AFDA24	NSOrderedSet
0x00AFDA4C	NSOrderedSet
0x00AFDA74	NSOrderedSet
0x00AFDA9C	NSOrderedSet
0x00AFDAC4	NSOrderedSet
0x00AFDAEC	NSOrderedSet
0x00AFDB14	NSOrderedSet
0x00AFDBA0	NSOrderedSet
0x00AFDBB4	NSOrderedSet
0x00AFDC04	NSOrderedSet
0x00AFDC2C	NSOrderedSet
0x00AFDC54	NSOrderedSet
0x00AFDC7C	NSOrderedSet
0x00AFDCCC	NSOrderedSet
0x00AFDD44	NSOrderedSet
0x00AFDD6C	NSOrderedSet
0x00AFDD94	NSOrderedSet
0x00AFDDBC	NSOrderedSet
0x00AFDDF8	NSOrderedSet
0x00AFDE0C	NSOrderedSet
0x00AFDE34	NSOrderedSet
0x00AFDE5C	NSOrderedSet
0x00AFDE84	NSOrderedSet
0x00AFDF74	NSOrderedSet
0x00AFDFB0	NSOrderedSet
0x00AFDFC4	NSOrderedSet
0x00AFE000	NSOrderedSet
0x00AFE078	NSOrderedSet
0x00AFE0B4	NSOrderedSet
0x00AFE118	NSOrderedSet
0x00AFE154	NSOrderedSet
0x00AFE17C	NSOrderedSet
0x00AFE1A4	NSOrderedSet
0x00AFE1CC	NSOrderedSet
0x00AFE1F4	NSOrderedSet
0x00AFE26C	NSOrderedSet
0x00AFE35C	NSOrderedSet
0x00AFE384	NSOrderedSet
0x00AFE3AC	NSOrderedSet
0x00AFE3D4	NSOrderedSet
0x00AFE424	NSOrderedSet
0x00AFE44C	NSOrderedSet
0x00AFE49C	NSOrderedSet
0x00AFE4C4	NSOrderedSet
0x00AFE514	NSOrderedSet
0x00AFE53C	NSOrderedSet
0x00AFE5A0	NSOrderedSet
0x00AFE5B4	NSOrderedSet
0x00AFE5DC	NSOrderedSet
0x00AFE618	NSOrderedSet
0x00AFE62C	NSOrderedSet
0x00AFE654	NSOrderedSet
0x00AFE67C	NSOrderedSet
0x00AFE6A4	NSOrderedSet
0x00AFE6CC	NSOrderedSet
0x00AFE6F4	NSOrderedSet
0x00AFE71C	NSOrderedSet
0x00AFE744	NSOrderedSet
0x00AFE76C	NSOrderedSet
0x00AFE794	NSOrderedSet
0x00AFE7BC	NSOrderedSet
0x00AFE7E4	NSOrderedSet
0x00AFE80C	NSOrderedSet
0x00AFE834	NSOrderedSet
0x00AFE85C	NSOrderedSet
0x00AFE884	NSOrderedSet
0x00AFE8AC	NSOrderedSet
0x00AFE974	NSOrderedSet
0x00AFE99C	NSOrderedSet
0x00AFEAB4	NSOrderedSet
0x00AFEADC	NSOrderedSet
0x00AFEB04	NSOrderedSet
0x00AFEB7C	NSOrderedSet
0x00AFEBCC	NSOrderedSet
0x00AFEBF4	NSOrderedSet
0x00AFEC1C	NSOrderedSet
0x00AFEC44	NSOrderedSet
0x00AFEC80	NSOrderedSet
0x00AFEC94	NSOrderedSet
0x00AFECD0	NSOrderedSet
0x00AFEE9C	NSOrderedSet
0x00AFEEC4	NSOrderedSet
0x00AFEF00	NSOrderedSet
0x00AFF054	NSOrderedSet
0x00AFF07C	NSOrderedSet
0x00AFF0A4	NSOrderedSet
0x00AFF0CC	NSOrderedSet
0x00AFF324	NSOrderedSet
0x00AFF34C	NSOrderedSet
0x00AFF3D8	NSOrderedSet
0x00AFF3EC	NSOrderedSet
0x00AFF428	NSOrderedSet
0x00AFF57C	NSOrderedSet
0x00AFF5B8	NSOrderedSet
0x00AFF5E0	NSOrderedSet
0x00AFF5F4	NSOrderedSet
0x00AFF630	NSOrderedSet
0x00AFF658	NSOrderedSet
0x00AFF680	NSOrderedSet
0x00AFF6A8	NSOrderedSet
0x00AFF7AC	NSOrderedSet
0x00AFF7D4	NSOrderedSet
0x00AFF860	NSOrderedSet
0x00AFF914	NSOrderedSet
0x00AFF950	NSOrderedSet
0x00AFF978	NSOrderedSet
0x00AFF9C8	NSOrderedSet
0x00AFF9F0	NSOrderedSet
0x00AFFA18	NSOrderedSet
0x00AFFA2C	NSOrderedSet
0x00AFFA68	NSOrderedSet
0x00AFFA7C	NSOrderedSet
0x00AFFAA4	NSOrderedSet
0x00AFFACC	NSOrderedSet
0x00AFFAF4	NSOrderedSet
0x00AFFB6C	NSOrderedSet
0x00AFFBA8	NSOrderedSet
0x00AFFBBC	NSOrderedSet
0x00AFFBF8	NSOrderedSet
0x00AFFC34	NSOrderedSet
0x00AFFC5C	NSOrderedSet
0x00AFFC84	NSOrderedSet
0x00AFFCC0	NSOrderedSet
0x00AFFCD4	NSOrderedSet
0x00AFFD10	NSOrderedSet
0x00AFFD24	NSOrderedSet
0x00AFFD4C	NSOrderedSet
0x00AFFD88	NSOrderedSet
0x00AFFD9C	NSOrderedSet
0x00AFFDC4	NSOrderedSet
0x00AFFDEC	NSOrderedSet
0x00AFFE28	NSOrderedSet
0x00AFFE3C	NSOrderedSet
0x00AFFEA0	NSOrderedSet
0x00AFFEB4	NSOrderedSet
0x00AFFEDC	NSOrderedSet
0x00AFFF04	NSOrderedSet
0x00AFFF7C	NSOrderedSet
0x00AFFFCC	NSOrderedSet
0x00B00008	NSOrderedSet
0x00B0001C	NSOrderedSet
0x00B00044	NSOrderedSet
0x00B0006C	NSOrderedSet
0x00B00134	NSOrderedSet
0x00B0015C	NSOrderedSet
0x00B00184	NSOrderedSet
0x00B001AC	NSOrderedSet
0x00B001D4	NSOrderedSet
0x00B00224	NSOrderedSet
0x00B002B0	NSOrderedSet
0x00B002C4	NSOrderedSet
0x00B002EC	NSOrderedSet
0x00B00300	NSOrderedSet
0x00B003B4	NSOrderedSet
0x00B00490	NSOrderedSet
0x00B004A4	NSOrderedSet
0x00B00530	NSOrderedSet
0x00B00544	NSOrderedSet
0x00B0065C	NSOrderedSet
0x00B00684	NSOrderedSet
0x00B006C0	NSOrderedSet
0x00B006D4	NSOrderedSet
0x00B00710	NSOrderedSet
0x00B00760	NSOrderedSet
0x00B00788	NSOrderedSet
0x00B0079C	NSOrderedSet
0x00B007D8	NSOrderedSet
0x00B007EC	NSOrderedSet
0x00B00814	NSOrderedSet
0x00B00878	NSOrderedSet
0x00B0088C	NSOrderedSet
0x00B008B4	NSOrderedSet
0x00B008F0	NSOrderedSet
0x00B0092C	NSOrderedSet
0x00B00954	NSOrderedSet
0x00B00990	NSOrderedSet
0x00B009A4	NSOrderedSet
0x00B009E0	NSOrderedSet
0x00B00A08	NSOrderedSet
0x00B00A30	NSOrderedSet
0x00B00A58	NSOrderedSet
0x00B00B5C	NSOrderedSet
0x00B00B84	NSOrderedSet
0x00B00BAC	NSOrderedSet
0x00B00BD4	NSOrderedSet
0x00B00BFC	NSOrderedSet
0x00B00C38	NSOrderedSet
0x00B00C9C	NSOrderedSet
0x00B00CD8	NSOrderedSet
0x00B00CEC	NSOrderedSet
0x00B00D28	NSOrderedSet
0x00B00D3C	NSOrderedSet
0x00B00D64	NSOrderedSet
0x00B00D8C	NSOrderedSet
0x00B00F1C	NSOrderedSet
0x00B00F58	NSOrderedSet
0x00B00F94	NSOrderedSet
0x00B00FD0	NSOrderedSet
0x00B0100C	NSOrderedSet
0x00B01034	NSOrderedSet
0x00B01070	NSOrderedSet
0x00B01084	NSOrderedSet
0x00B010AC	NSOrderedSet
0x00B0114C	NSOrderedSet
0x00B011B0	NSOrderedSet
0x00B011C4	NSOrderedSet
0x00B011EC	NSOrderedSet
0x00B0123C	NSOrderedSet
0x00B01278	NSOrderedSet
0x00B012A0	NSOrderedSet
0x00B012DC	NSOrderedSet
0x00B012F0	NSOrderedSet
0x00B013B8	NSOrderedSet
0x00B013CC	NSOrderedSet
0x00B01408	NSOrderedSet
0x00B01444	NSOrderedSet
0x00B0146C	NSOrderedSet
0x00B01494	NSOrderedSet
0x00B014BC	NSOrderedSet
0x00B014E4	NSOrderedSet
0x00B0150C	NSOrderedSet
0x00B01534	NSOrderedSet
0x00B0155C	NSOrderedSet
0x00B01584	NSOrderedSet
0x00B015AC	NSOrderedSet
0x00B015D4	NSOrderedSet
0x00B015FC	NSOrderedSet
0x00B0164C	NSOrderedSet
0x00B016EC	NSOrderedSet
0x00B0173C	NSOrderedSet
0x00B01764	NSOrderedSet
0x00B017A0	NSOrderedSet
0x00B017B4	NSOrderedSet
0x00B017DC	NSOrderedSet
0x00B0182C	NSOrderedSet
0x00B018F4	NSOrderedSet
0x00B0191C	NSOrderedSet
0x00B0196C	NSOrderedSet
0x00B019D0	NSOrderedSet
0x00B01B24	NSOrderedSet
0x00B01B4C	NSOrderedSet
0x00B01B74	NSOrderedSet
0x00B01C8C	NSOrderedSet
0x00B01CB4	NSOrderedSet
0x00B01D04	NSOrderedSet
0x00B01D2C	NSOrderedSet
0x00B01D54	NSOrderedSet
0x00B01D7C	NSOrderedSet
0x00B01DA4	NSOrderedSet
0x00B01E08	NSOrderedSet
0x00B01E94	NSOrderedSet
0x00B01F20	NSOrderedSet
0x00B01F34	NSOrderedSet
0x00B01F5C	NSOrderedSet
0x00B01FD4	NSOrderedSet
0x00B01FFC	NSOrderedSet
0x00B02024	NSOrderedSet
0x00B0209C	NSOrderedSet
0x00B020EC	NSOrderedSet
0x00B02114	NSOrderedSet
0x00B02268	NSOrderedSet
0x00B02290	NSOrderedSet
0x00B022CC	NSOrderedSet
0x00B022F4	NSOrderedSet
0x00B02330	NSOrderedSet
0x00B02344	NSOrderedSet
0x00B02380	NSOrderedSet
0x00B02394	NSOrderedSet
0x00B023D0	NSOrderedSet
0x00B02448	NSOrderedSet
0x00B024AC	NSOrderedSet
0x00B024D4	NSOrderedSet
0x00B02510	NSOrderedSet
0x00B02560	NSOrderedSet
0x00B025EC	NSOrderedSet
0x00B0263C	NSOrderedSet
0x00B026A0	NSOrderedSet
0x00B02740	NSOrderedSet
0x00B0277C	NSOrderedSet
0x00B027CC	NSOrderedSet
0x00B027F4	NSOrderedSet
0x00B0281C	NSOrderedSet
0x00B02858	NSOrderedSet
0x00B028F8	NSOrderedSet
0x00B02948	NSOrderedSet
0x00B0295C	NSOrderedSet
0x00B02984	NSOrderedSet
0x00B029AC	NSOrderedSet
0x00B029D4	NSOrderedSet
0x00B029FC	NSOrderedSet
0x00B02A24	NSOrderedSet
0x00B02A4C	NSOrderedSet
0x00B02A74	NSOrderedSet
0x00B02A9C	NSOrderedSet
0x00B02AC4	NSOrderedSet
0x00B02AEC	NSOrderedSet
0x00B02B14	NSOrderedSet
0x00B02B3C	NSOrderedSet
0x00B02B64	NSOrderedSet
0x00B02BB4	NSOrderedSet
0x00B02BDC	NSOrderedSet
0x00B02C04	NSOrderedSet
0x00B02C2C	NSOrderedSet
0x00B02C54	NSOrderedSet
0x00B02C7C	NSOrderedSet
0x00B02CA4	NSOrderedSet
0x00B02CCC	NSOrderedSet
0x00B02CF4	NSOrderedSet
0x00B02D1C	NSOrderedSet
0x00B02D44	NSOrderedSet
0x00B02D6C	NSOrderedSet
0x00B02D94	NSOrderedSet
0x00B02DBC	NSOrderedSet
0x00B02DE4	NSOrderedSet
0x00B02E0C	NSOrderedSet
0x00B02E34	NSOrderedSet
0x00B02E5C	NSOrderedSet
0x00B02E84	NSOrderedSet
0x00B02EAC	NSOrderedSet
0x00B02ED4	NSOrderedSet
0x00B02EFC	NSOrderedSet
0x00B02F24	NSOrderedSet
0x00B02F4C	NSOrderedSet
0x00B02F74	NSOrderedSet
0x00B02F9C	NSOrderedSet
0x00B02FC4	NSOrderedSet
0x00B02FEC	NSOrderedSet
0x00B03014	NSOrderedSet
0x00B0303C	NSOrderedSet
0x00B03078	NSOrderedSet
0x00B0308C	NSOrderedSet
0x00AEE23C	NSOrderedSet
0x00AED06C	NSOutputStream
0x00AECB74	NSRunLoop
0x00AED82C	NSSet
0x00AECD88	NSTimeZone
0x00AECCF4	NSTimer
0x00A12BDC	NSURL
0x00AEC678	NSUserDefaults
0x00AEC66C	NSUserDefaults
