0x00aefd30	CommonChristmasFatherGiftLayer
0x00aefd58	iMoleVillageAppDelegate
0x00aefd80	PopularItemsPKData
0x00aefda8	HelloWorldLayer
0x00aefdd0	RootViewController
0x00aefdf8	MainMenu
0x00aefe20	GameSoundManager
0x00aefe48	TMActionKeyInfo
0x00aefe70	TMActionInfo
0x00aefe98	TMAnimationInfo
0x00aefec0	TMSpriteFrameCache
0x00aefee8	InGameScene
0x00aeff10	GameManager
0x00aeff38	Map
0x00aeff60	Porter
0x00aeff88	VillageLayer
0x00aeffb0	MoleAnimation
0x00aeffd8	TMAnimation
0x00af0000	TMAnimations
0x00af0028	TMAnimationManager
0x00af0050	Object
0x00af0078	ObjectManager
0x00af00a0	Farm
0x00af00c8	ObjSelector
0x00af00f0	EditMenuLayer
0x00af0118	UserInfoLayer
0x00af0140	TreasureRabbitData
0x00af0168	VillageMenuLayer
0x00af0190	CropFrame
0x00af01b8	TMFrame
0x00af01e0	TMFrameManager
0x00af0208	BuildingFrame
0x00af0244	Coord
0x00af0258	FriendListData
0x00af0280	NearbyUser
0x00af02a8	LatestVisitedInfoData
0x00af02d0	VisitedStatisticsInfo
0x00af02f8	ChristmasVisitedStatisticsInfo
0x00af0320	MessageFromFriends
0x00af0348	DriftBottleMessage
0x00af0370	PurchaseInfo
0x00af0398	PetsFound
0x00af03c0	AdInfoData
0x00af03e8	ServerLinkData
0x00af0410	TaomeeUserInfo
0x00af0438	LoginReward
0x00af0460	InAppPurchaseInfo
0x00af0488	InAPPPurchaseReciept
0x00af04b0	TimeQuestDataInMap
0x00af04d8	VipQuestDataInMap
0x00af0500	DailyQuestList
0x00af0528	DailyQuestDataInMap
0x00af0550	DiscountInfo
0x00af0578	ShareCommentReward
0x00af05a0	DivineObject
0x00af05c8	CaribbeanObject
0x00af05f0	UserVIPInfoData
0x00af0618	DailySignInfoData
0x00af0640	GameData
0x00af0668	ShopItemData
0x00af0690	ObjectLocalData
0x00af06b8	ObjectData
0x00af06e0	CCMultiColumnTableView
0x00af0708	CCScrollView
0x00af0730	CCTableView
0x00af0758	CCTableViewCell
0x00af0794	CropCell
0x00af07a8	CropViewLayer
0x00af07d0	FindPath
0x00af07f8	Actor
0x00af0820	ActorManager
0x00af0848	BaseTask
0x00af0870	BuildingTask
0x00af0898	PlantingTask
0x00af08c0	RestTask
0x00af08e8	WanderTask
0x00af0910	EasterEggGetRewardLayer
0x00af0938	FindWorkTask
0x00af0974	Screenshot
0x00af099c	PhotoFrameCell
0x00af09b0	CameraLayer
0x00af09d8	MoveLayer
0x00af0a00	Building
0x00af0a28	MainMenuScene
0x00af0a50	GiftData
0x00af0a78	AvatarIconData
0x00af0aa0	NpcData
0x00af0ac8	UserInfoData
0x00af0af0	HourGlass
0x00af0b18	AlarmFlag
0x00af0b40	CropInfoView
0x00af0b68	GoldSprite
0x00af0b90	XPSprite
0x00af0bb8	MessageBox
0x00af0be0	NotificationTimes
0x00af0c08	RemoteMapData
0x00af0c30	TMMapDataBase
0x00af0c58	TMMapDataFarm
0x00af0c80	TMMapDataBuilding
0x00af0ca8	TMMapDataSpacials
0x00af0cd0	TMMapDataFirework
0x00af0cf8	TMMapDataShop
0x00af0d20	TMMapDataShip
0x00af0d48	TMMapDataRestaurant
0x00af0d70	TMMapDataTransObject
0x00af0d98	TMMapDataApartment
0x00af0dc0	TMMapDataSuperShellTree
0x00af0de8	TMMapDataCafeShop
0x00af0e10	TMMapDataRewardBox
0x00af0e38	TMMapDataYellowDuck
0x00af0e60	TMMapDataWaterTower
0x00af0e9c	NpcAvatar
0x00af0eb0	BuildingView
0x00af0ed8	Bridge
0x00af0f00	CCClipZoneLayer
0x00af0f28	GameRoomState
0x00af0f50	GameRoomFlag
0x00af0f78	AnimalAnimation
0x00af0fa0	Animal
0x00af0fc8	NpcAnimation
0x00af0ff0	GamePlayGoView
0x00af1018	Ladder
0x00af1040	AWaitTask
0x00af1068	TimeOutControlValueWord
0x00af1090	NetworkManager
0x00af10b8	AWanderTask
0x00af10e0	NpcActor
0x00af1108	NWanderTask
0x00af1130	MiniBase
0x00af1158	TeamRewardData
0x00af1180	PunchBoxManager
0x00af11a8	MiniGameManager
0x00af11d0	StableAnimation
0x00af11f8	ActivityForecastSecondLayer
0x00af1220	Tile
0x00af1248	AvatarLayer
0x00af1270	FriendsVillageLayer
0x00af1298	FriendVillageUnit
0x00af12c0	AchivementLayer
0x00af12fc	LevelChooseCell
0x00af1310	LevelChooseLayer
0x00af1338	QuestLocalData
0x00af1360	QuestData
0x00af1388	StoryStepData
0x00af13b0	StorySectionData
0x00af13d8	Story
0x00af1400	StoryLayer
0x00af1428	InAppPurchaseManager
0x00af1450	GreenRiceBallActivityInfoData
0x00af1478	SFHFKeychainUtils
0x00af14a0	AsyncReadPacket
0x00af14c8	AsyncWritePacket
0x00af14f0	AsyncSpecialPacket
0x00af1518	AsyncSocket
0x00af1540	Reachability
0x00af1568	NpcPrompt
0x00af1590	NaramSpringIntroduceLayer
0x00af15b8	NetworkCommand
0x00af15e0	MVPacketHeader
0x00af161c	InvalidKeyException
0x00af1630	CryptUtils
0x00af1658	Quest
0x00af1680	QuestLayer
0x00af16bc	MBProgressHUD
0x00af16a8	MBRoundProgressView
0x00af16f8	SpringPoemIntroduceLayer
0x00af1720	LoadingLayer
0x00af1748	ArrowSprite
0x00af1770	MovableIcon
0x00af1798	CutFruit
0x00af17c0	MinerGame
0x00af17e8	LevelUpLayer
0x00af1810	CutFruitAchivement
0x00af1838	CutFruitLevelChoose
0x00af1860	MinerAchivement
0x00af1888	MinerLevelChoose
0x00af18b0	PersonalTargetLayer
0x00af18d8	CCBlade
0x00af1900	TouchTrailLayer
0x00af1928	TestLayer
0x00af1950	Fruit
0x00af1978	SpacialObject
0x00af19a0	OutputHanlder
0x00af19c8	OptionLayer
0x00af19f0	HelpLayer
0x00af1a18	GiftLayer
0x00af1a40	WiltWarning
0x00af1a68	WiltWarningLayer
0x00af1a90	PlowAchivement
0x00af1ab8	Plow
0x00af1ae0	PlowLevelChoose
0x00af1b08	FishingAchivement
0x00af1b30	CCRotateAround
0x00af1b58	FishingGame
0x00af1b80	Top10DisplayLayer
0x00af1ba8	FishingLevelChoose
0x00af1bd0	BugAchivement
0x00af1bf8	BugGame
0x00af1c20	BugLevelChoose
0x00af1c48	Level1
0x00af1c70	Level3
0x00af1c98	Level4
0x00af1cc0	Level2
0x00af1ce8	FlyKiteGetRewardLayer
0x00af1d10	SeabedSeekingTreasureData
0x00af1d4c	BackgroundSprite
0x00af1d60	PaintingAchivement
0x00af1d88	PaintingGame
0x00af1db0	PaintingLevelChoose
0x00af1dd8	ChooseVillageHelp
0x00af1e00	TeamStatusData
0x00af1e28	ChooseVillageLayer
0x00af1e50	MKLocalNotificationsScheduler
0x00af1e78	MatchStatusData
0x00af1ea0	ResourceManager
0x00af1edc	TMDevice
0x00af1ef0	Global
0x00af1f18	TopMenuLayer
0x00af1f40	GameSettings
0x00af1f68	LoadingScene
0x00af1fa4	GiftCell
0x00af1fb8	GiftViewLayer
0x00af1fe0	InviteFriendsLayer
0x00af2008	SystemTimeCheck
0x00af2030	AcceptFriendsLayer
0x00af2058	ShowMoreFriendsLayer
0x00af2094	ShowMoreFriendsCell
0x00af20bc	AcceptFriendsCell
0x00af20d0	LogoLayer
0x00af20f8	RegisterView
0x00af2120	MagicNumberView
0x00af2148	BugLevelBase
0x00af2170	LevelUpEffectLayer
0x00af2198	HttpManager
0x00af21c0	MovableSprite
0x00af21e8	ParticalManager
0x00af2210	CCparticleFireWork
0x00af2238	FishLayer
0x00af2260	FriendsViewController
0x00af2288	MusicChapterActivityInfoData
0x00af22b0	ManagerViewController
0x00af22d8	SweepSprite
0x00af2300	AnimationManager
0x00af2328	MCNpcActor
0x00af2350	SeekViewController
0x00af238c	FishObject
0x00af23a0	SharedInterfaceLayer
0x00af23c8	MessageViewController
0x00af23f0	LeaveMessageController
0x00af2418	Bird
0x00af2440	BirdLayer
0x00af2468	SpringPoemMainLayer
0x00af2490	MessageCell
0x00af24b8	MessagesLayer
0x00af24e0	BugObject
0x00af2508	MessageBoxGift
0x00af2530	LeaveMessageLayer
0x00af2558	WashingTask
0x00af2580	GoodsViewLayer
0x00af25bc	GoodsCell
0x00af25d0	ASleepTask
0x00af25f8	YaliNpcActor
0x00af2620	Firework
0x00af2648	HelpQuestLayer
0x00af2670	GameDataCompareLayer
0x00af2698	FlowerFarm
0x00af26c0	MRUpgradeNotification
0x00af26e8	UnZoomLayer
0x00af2710	RewardLayer
0x00af2738	DecorateRoomLayer
0x00af2760	AroundTheWorldMainLayer
0x00af2788	FuncIntroLayer
0x00af27b0	SeabedSeekingTreasureRuleLayer
0x00af27d8	ButterFlyObject
0x00af2800	ButterFlyLayer
0x00af2828	TMEffectLayer
0x00af2850	TimeQuest
0x00af2878	TimeStory
0x00af28a0	TimeQuestLayer
0x00af28c8	TimeStoryLayer
0x00af28f0	TMRainLayer
0x00af2918	TMSnowLayer
0x00af2940	FlyKiteActivityRewardData
0x00af2968	FlowerCropViewLayer
0x00af29a4	BouquetCell
0x00af29b8	BouquetTradeItem
0x00af29f4	FlowerCell
0x00af2a08	FlowerStudioItem
0x00af2a30	GreenhouseLayer
0x00af2a58	PlayNewAniTask
0x00af2a80	iRate
0x00af2aa8	DiscountInfoLayer
0x00af2ad0	AchivementData
0x00af2af8	SpringPoemPageLayer
0x00af2b34	DiscountCell
0x00af2b48	AchievementControl
0x00af2b70	SeaWaveObject
0x00af2b98	SeaWaveLayer
0x00af2bc0	NewSceneSeaWaveLayer
0x00af2be8	JKArray
0x00af2c10	JKDictionaryEnumerator
0x00af2c38	JKDictionary
0x00af2c60	JSONDecoder
0x00af2c88	JKSerializer
0x00af2cb0	NoticeBoardLayer
0x00af2cd8	EasterEggMainLayer
0x00af2d00	AdViewForMoleCart
0x00af2d28	JionKiteTeamData
0x00af2d50	NightLayer
0x00af2d78	CCParticalFirefly
0x00af2da0	TMFireFlyLayer
0x00af2dc8	ASprite
0x00af2e04	TMAManagerInstance
0x00af2e18	AnimInstance
0x00af2e40	AnimPlayer
0x00af2e68	AnimManager
0x00af2e90	BGMusicData
0x00af2eb8	MusicHallLayer
0x00af2ee0	DivineIntroduceLayer
0x00af2f08	DivineGame
0x00af2f30	NewSceneData
0x00af2f58	NewSceneCommand
0x00af2f80	NewSceneNetworkBuffer
0x00af2fa8	NewSceneTimer
0x00af2fd0	FruitFarm
0x00af2ff8	FruitCropViewLayer
0x00af3020	CandyhouseLayer
0x00af305c	FruitCell
0x00af3070	FruitItem
0x00af3098	LoadingManager
0x00af30c0	LoadingNewLayer
0x00af30e8	HolidayVillageLayer
0x00af3110	GameNewScene
0x00af3138	SeabedSeekingTreasureExchageRewardLayer
0x00af3160	InGameLayer
0x00af3188	SceneMannager
0x00af31b0	NewSceneUpgradeData
0x00af31d8	NewSceneObjectData
0x00af3200	CandyObjectData
0x00af3228	NewBaseLoading
0x00af3250	NewGameManager
0x00af3278	RestaurantView
0x00af32b4	ShopItemsCell
0x00af32c8	ShopItemsLayer
0x00af32f0	ShoppingView
0x00af3318	NewSceneMapBase
0x00af3340	LoadingHoliday
0x00af3368	LoadingMainVillage
0x00af3390	ShowFreeShellsLayer
0x00af33b8	NewSceneUserInfoLayer
0x00af33e0	NewSceneVillageMenuLayer
0x00af3408	EatCandyTask
0x00af3430	TransAnimal
0x00af3458	TransObject
0x00af3480	TaskManager
0x00af34a8	WrapperManager
0x00af34d0	HolidayVillageMap
0x00af34f8	NewSceneEditMenuLayer
0x00af3520	NewScenePorter
0x00af3548	CandyExpression
0x00af3570	PlayExpressionTask
0x00af3598	SBJSON
0x00af35c0	SBJsonBase
0x00af35fc	SBJsonParser
0x00af3624	SBJsonWriter
0x00af3638	SHKOAuthSharer
0x00af3660	SHKSharer
0x00af369c	TSMutableString
0x00af36b0	GuessWorldCupMainLayer
0x00af36d8	OAAsynchronousDataFetcher
0x00af3700	OAConsumer
0x00af373c	OADataFetcher
0x00af3764	OAHMAC_SHA1SignatureProvider
0x00af3778	OAMutableURLRequest
0x00af37b4	OAPlaintextSignatureProvider
0x00af37c8	OARequestParameter
0x00af37f0	OAServiceTicket
0x00af3818	OAToken
0x00af3840	SHKRequest
0x00af3868	SHK
0x00af3890	SHKItem
0x00af38b8	SHKOfflineSharer
0x00af38f4	SHKCustomFormController
0x00af391c	SHKCustomFormFieldCell
0x00af3944	SHKCustomShareMenu
0x00af3958	TreasureRabbitSprite
0x00af3994	SHKCustomShareMenuCell
0x00af39a8	ShareKitManager
0x00af39d0	SHKDouban
0x00af39f8	Facebook
0x00af3a20	FBDialog
0x00af3a48	FBFrictionlessRequestSettings
0x00af3a70	FBLoginDialog
0x00af3a98	FBRequest
0x00af3ac0	SHKFacebook
0x00af3ae8	Dialog
0x00af3b10	FeedDialog
0x00af3b38	LoginDialog
0x00af3b60	Request
0x00af3b88	Session
0x00af3bb0	XMLHandler
0x00af3bd8	SHKRenRen
0x00af3c00	SHKSenderForm
0x00af3c28	SHKSina
0x00af3c50	SHKSinaWeiboV2
0x00af3c78	SHKSinaWeiboV2Form
0x00af3cb4	SHKSinaWeiboV2OAuthView
0x00af3cc8	SHKTencent
0x00af3cf0	SHKTwitter
0x00af3d18	SHKActionSheet
0x00af3d40	SHKActivityIndicator
0x00af3d68	SHKFormController
0x00af3d90	SHKFormFieldCell
0x00af3db8	SHKFormFieldSettings
0x00af3de0	SHKOAuthView
0x00af3e08	SHKShareMenu
0x00af3e44	SHKViewControllerWrapper
0x00af3e58	ASIAuthenticationDialog
0x00af3e80	ASIFormDataRequest
0x00af3ea8	ASIHTTPRequest
0x00af3ed0	ASIInputStream
0x00af3ef8	ASINetworkQueue
0x00af3f20	NewSceneMoveLayer
0x00af3f48	SHKSendData
0x00af3f84	CCVideoPlayerImpl
0x00af3f98	CCVideoPlayer
0x00af3fc0	CCVideoPlayerImpliOS
0x00af3fe8	VideoOverlayView
0x00af4010	CCAction
0x00af404c	CCFiniteTimeAction
0x00af4060	CCRepeatForever
0x00af4088	CCSpeed
0x00af40b0	CCFollow
0x00af40d8	CCActionCamera
0x00af4100	CCOrbitCamera
0x00af4128	CCActionEase
0x00af4150	CCEaseRateAction
0x00af418c	CCEaseIn
0x00af41b4	CCEaseOut
0x00af41dc	CCEaseInOut
0x00af4218	CCEaseExponentialIn
0x00af41f0	CCEaseExponentialOut
0x00af4254	CCEaseExponentialInOut
0x00af4290	CCEaseSineIn
0x00af4268	CCEaseSineOut
0x00af42cc	CCEaseSineInOut
0x00af42e0	CCEaseElastic
0x00af4330	CCEaseElasticIn
0x00af4308	CCEaseElasticOut
0x00af4358	CCEaseElasticInOut
0x00af4394	CCEaseBounce
0x00af43d0	CCEaseBounceIn
0x00af43a8	CCEaseBounceOut
0x00af440c	CCEaseBounceInOut
0x00af4448	CCEaseBackIn
0x00af4420	CCEaseBackOut
0x00af4484	CCEaseBackInOut
0x00af4498	CCGridAction
0x00af44d4	CCGrid3DAction
0x00af44fc	CCTiledGrid3DAction
0x00af4510	CCAccelDeccelAmplitude
0x00af4538	CCAccelAmplitude
0x00af4560	CCDeccelAmplitude
0x00af4588	CCStopGrid
0x00af45b0	CCReuseGrid
0x00af45d8	CCWaves3D
0x00af4600	CCFlipX3D
0x00af463c	CCFlipY3D
0x00af4650	CCLens3D
0x00af4678	CCRipple3D
0x00af46a0	CCShaky3D
0x00af46c8	CCLiquid
0x00af46f0	CCWaves
0x00af4718	CCTwirl
0x00af4740	CCActionInstant
0x00af4768	CCShow
0x00af477c	CCHide
0x00af47b8	CCToggleVisibility
0x00af47e0	CCFlipX
0x00af4808	CCFlipY
0x00af4830	CCPlace
0x00af4858	CCCallFunc
0x00af4894	CCCallFuncN
0x00af48a8	CCCallFuncND
0x00af48d0	CCCallFuncO
0x00af48f8	CCCallBlock
0x00af4920	CCCallBlockN
0x00af4948	CCActionInterval
0x00af4970	CCSequence
0x00af4998	CCRepeat
0x00af49c0	CCSpawn
0x00af49fc	CCRotateTo
0x00af4a24	CCRotateBy
0x00af4a4c	CCMoveTo
0x00af4a74	CCMoveBy
0x00af4a9c	CCSkewTo
0x00af4ac4	CCSkewBy
0x00af4aec	CCJumpBy
0x00af4b14	CCJumpTo
0x00af4b3c	CCBezierBy
0x00af4b64	CCBezierTo
0x00af4b8c	CCScaleTo
0x00af4bb4	CCScaleBy
0x00af4bdc	CCBlink
0x00af4c2c	CCFadeIn
0x00af4c04	CCFadeOut
0x00af4c54	CCFadeTo
0x00af4c7c	CCTintTo
0x00af4ca4	CCTintBy
0x00af49d4	CCDelayTime
0x00af4cf4	CCReverseTime
0x00af4d08	CCAnimate
0x00af4d44	CCActionManager
0x00af4d6c	CCPageTurn3D
0x00af4d80	SeabedSeekingTreasureMainLayer
0x00af4da8	CCProgressTo
0x00af4dd0	CCProgressFromTo
0x00af4df8	CCShakyTiles3D
0x00af4e20	CCShatteredTiles3D
0x00af4e48	CCShuffleTiles
0x00af4e84	CCFadeOutTRTiles
0x00af4eac	CCFadeOutBLTiles
0x00af4ed4	CCFadeOutUpTiles
0x00af4efc	CCFadeOutDownTiles
0x00af4f10	CCTurnOffTiles
0x00af4f38	CCWavesTiles3D
0x00af4f60	CCJumpTiles3D
0x00af4f88	CCSplitRows
0x00af4fb0	CCSplitCols
0x00af4fd8	CCActionTween
0x00af5000	CCAnimation
0x00af5028	CCAnimationCache
0x00af5050	CCAtlasNode
0x00af5078	CCCamera
0x00af50b4	CCConfiguration
0x00af50c8	CCDirector
0x00af50f0	CCGrabber
0x00af5118	CCGridBase
0x00af5140	CCGrid3D
0x00af5168	CCTiledGrid3D
0x00af5190	CCLabelAtlas
0x00af51b8	CCBMFontConfiguration
0x00af51e0	CCLabelBMFont
0x00af5208	CCLabelTTF
0x00af5230	CCLayer
0x00af5258	CCLayerColor
0x00af5294	CCColorLayer
0x00af52a8	CCLayerGradient
0x00af52d0	CCLayerMultiplex
0x00af530c	CCMultiplexLayer
0x00af5320	CCMenu
0x00af5348	CCMenuItem
0x00af5370	CCMenuItemLabel
0x00af5398	CCMenuItemAtlasFont
0x00af53c0	CCMenuItemFont
0x00af53e8	CCMenuItemSprite
0x00af5424	CCMenuItemImage
0x00af5438	CCMenuItemToggle
0x00af5460	CCMotionStreak
0x00af5488	CCNode
0x00af54b0	CGPointObject
0x00af54d8	CCParallaxNode
0x00af5500	CCParticleFireworks
0x00af5528	CCParticleFire
0x00af5550	CCParticleSun
0x00af5578	CCParticleGalaxy
0x00af55a0	CCParticleFlower
0x00af55c8	CCParticleMeteor
0x00af55f0	CCParticleSpiral
0x00af5618	CCParticleExplosion
0x00af5640	CCParticleSmoke
0x00af5668	CCParticleSnow
0x00af5690	CCParticleRain
0x00af56b8	CCParticleSystem
0x00af56e0	FinalRewardAnimation
0x00af5708	CCParticleSystemPoint
0x00af5730	CCParticleSystemQuad
0x00af5758	CCProgressTimer
0x00af5780	CCRenderTexture
0x00af57a8	CCRibbon
0x00af57bc	CCRibbonSegment
0x00af57f8	CCScene
0x00af5820	CCTimer
0x00af5848	CCScheduler
0x00af5870	CCSprite
0x00af5898	CCSpriteBatchNode
0x00af58c0	CCSpriteFrame
0x00af58e8	CCSpriteFrameCache
0x00af5910	CCTexture2D
0x00af5938	CCTextureAtlas
0x00af5960	CCAsyncObject
0x00af5988	CCTextureCache
0x00af59b0	CCTexturePVR
0x00af59d8	CCTileMapAtlas
0x00af5a00	CCTMXLayer
0x00af5a28	CCTMXObjectGroup
0x00af5a50	ChangeRewardLayer
0x00af5a78	CCTMXTiledMap
0x00af5aa0	CCTMXLayerInfo
0x00af5ac8	CCTMXTilesetInfo
0x00af5af0	CCTMXMapInfo
0x00af5b18	CCTransitionScene
0x00af5b40	CCTransitionSceneOriented
0x00af5b68	CCTransitionRotoZoom
0x00af5b90	CCTransitionJumpZoom
0x00af5bb8	CCTransitionMoveInL
0x00af5bf4	CCTransitionMoveInR
0x00af5c1c	CCTransitionMoveInT
0x00af5c44	CCTransitionMoveInB
0x00af5c58	CCTransitionSlideInL
0x00af5c94	CCTransitionSlideInR
0x00af5cbc	CCTransitionSlideInT
0x00af5ce4	CCTransitionSlideInB
0x00af5cf8	CCTransitionShrinkGrow
0x00af5d20	CCTransitionFlipX
0x00af5d48	CCTransitionFlipY
0x00af5d70	CCTransitionFlipAngular
0x00af5d98	CCTransitionZoomFlipX
0x00af5dc0	CCTransitionZoomFlipY
0x00af5de8	CCTransitionZoomFlipAngular
0x00af5e10	CCTransitionFade
0x00af5e38	CCTransitionCrossFade
0x00af5e60	CCTransitionTurnOffTiles
0x00af5e88	CCTransitionSplitCols
0x00af5ec4	CCTransitionSplitRows
0x00af5ed8	CCTransitionFadeTR
0x00af5f14	CCTransitionFadeBL
0x00af5f3c	CCTransitionFadeUp
0x00af5f64	CCTransitionFadeDown
0x00af5f78	CCTransitionPageTurn
0x00af5fa0	CCTransitionRadialCCW
0x00af5fdc	CCTransitionRadialCW
0x00af6040	CCDirectorIOS
0x00af5ff0	CCDirectorTimer
0x00af6018	CCDirectorFast
0x00af602c	CCDirectorFastThreaded
0x00af6004	CCDirectorDisplayLink
0x00af60cc	CCTouchDispatcher
0x00af60e0	CCTouchHandler
0x00af6108	CCStandardTouchHandler
0x00af6130	CCTargetedTouchHandler
0x00af6158	ShowRuleLayer
0x00af6180	EAGLView
0x00af61a8	ES1Renderer
0x00af61d0	FlyKiteIntroductionsLayer
0x00af61f8	CCArray
0x00af6220	CCFileUtils
0x00af625c	CCMenuIndependent
0x00af6270	CCMenuItemSpriteIndependent
0x00af6298	CDAsynchInitialiser
0x00af62d4	CDLongAudioSource
0x00af62ac	CDAudioManager
0x00af6324	CDLongAudioSourceFader
0x00af6338	CDBufferManager
0x00af6374	CDUtilities
0x00af6388	CDSoundEngine
0x00af63b0	CDSoundSource
0x00af63ec	CDAudioInterruptTargetGroup
0x00af639c	CDAsynchBufferLoader
0x00af6428	CDBufferLoadRequest
0x00af6450	CDFloatInterpolator
0x00af6478	CDPropertyModifier
0x00af64b4	CDSoundSourceFader
0x00af64dc	CDSoundSourcePanner
0x00af6504	CDSoundSourcePitchBender
0x00af652c	CDSoundEngineFader
0x00af6540	CDXPropertyModifierAction
0x00af6568	GreenRiceBallMainLayer
0x00af6590	SimpleAudioEngine
0x00af65b8	CLScoreServerPost
0x00af65e0	CLScoreServerRequest
0x00af6608	FontLabel
0x00af6630	FontManager
0x00af6658	ZAttributedString
0x00af6680	ZMutableAttributedString
0x00af666c	ZAttributeRun
0x00af66d0	ZFont
0x00af66f8	CDataScanner
0x00af6720	GetLastRewardLayer
0x00af6748	EasterEggActivityInfoData
0x00af6770	CJSONDeserializer
0x00af6798	CJSONScanner
0x00af67c0	CJSONSerializer
0x00af67e8	AchieveSystemLayer
0x00af6824	AchievementCell
0x00af6838	TourLineLayer
0x00af6860	AchievementItems
0x00af6888	NewSceneRestaurant
0x00af68b0	NewSceneShop
0x00af68d8	NewSceneApartment
0x00af6900	CommonEffectController
0x00af6928	NewSceneUserInfoData
0x00af6950	ApartmentView
0x00af6978	BuildValueSprite
0x00af69a0	NewSceneQuest
0x00af69c8	NewSceneQuestLayer
0x00af69f0	NewSceneStoryLayer
0x00af6a18	NewSceneStory
0x00af6a40	ObjectHandler
0x00af6a68	MessageCenter
0x00af6a90	NewSceneTestLayer
0x00af6ab8	CommonLoadingLayer
0x00af6ae0	NewSceneLevelUp
0x00af6b08	NewSceneMoleleNpcActor
0x00af6b30	MAlertView
0x00af6b58	SpringPoemGetRewardLayer
0x00af6b80	NewSceneAchievementData
0x00af6ba8	NewSceneAchievement
0x00af6bd0	PaybackObjectsTableLayer
0x00af6c0c	PaybackObjectsTableCell
0x00af6c20	JunkShopLayer
0x00af6c5c	JunkShopCell
0x00af6c70	GreenRiceBallRankUserInfoData
0x00af6c98	DailyQuest
0x00af6cc0	DailyQuestLayer
0x00af6ce8	NaramSpringTargetCDTimeData
0x00af6d10	WipeSnowLayer
0x00af6d38	ChrismasTreeView
0x00af6d74	AtomAdapterAdMobAds
0x00af6d88	AtomAdapterInMobi
0x00af6dc4	AtomAdapterTaomeeAdMob
0x00af6dd8	ARRollerView
0x00af6e00	AtomAdapterCustom
0x00af6e28	AtomAdapterEvent
0x00af6e50	AtomAdapterGeneric
0x00af6e78	AtomAdNetworkAdapter
0x00af6ea0	AtomAdNetworkConfig
0x00af6ec8	AtomAdNetworkRegistry
0x00af6ef0	AtomClassWrapper
0x00af6f18	AtomConfig
0x00af6f40	AtomConfigStore
0x00af6f68	AtomCustomAdView
0x00af6f90	AtomError
0x00af6fb8	AtomView
0x00af6fe0	TeamTargetLayer
0x00af7008	AtomWebBrowserController
0x00af7044	AtomBackButton
0x00af7058	AWNetworkReachabilityWrapper
0x00af7080	NSTimerWrapper
0x00af70a8	OscarDialogueLayer
0x00af70d0	OpenTreasureChestMainLayer
0x00af70f8	CCDrawNode
0x00af7134	CCPhysicsSprite
0x00af715c	CCSpriteAdd
0x00af7170	WashRoomAchievement
0x00af7198	WashRoomGame
0x00af71c0	WashRoomLevelChoose
0x00af71e8	IFAccelerometer
0x00af7210	WashRoomActor
0x00af7238	DiscoveryShip
0x00af7260	DiscoveryShipView
0x00af7288	DiscoverData
0x00af72b0	DiscoverRewardData
0x00af72d8	SuperShellTreeView
0x00af7300	ApplyHongKongTourLayer
0x00af7328	SuperShellTree
0x00af7350	CafeQuest
0x00af7378	CafeQuestLocalData
0x00af73a0	CafeQuestData
0x00af73c8	CafeShop
0x00af7404	CafeQuestCell
0x00af7418	CafeQuestItem
0x00af7440	CafeShopLayer
0x00af7468	NewRewardsLayer
0x00af7490	PopularityValueSprite
0x00af74b8	VipInfoData
0x00af74e0	CouponInfoLayer
0x00af7508	ExchangeCenterLayer
0x00af7530	CouponAnimation
0x00af7558	NeededCouponData
0x00af7580	ExchangeReward
0x00af75a8	ExchangeData
0x00af75d0	VerifyInviteCodeLayer
0x00af75f8	CouponInfoData
0x00af7634	VIPCell
0x00af7648	VIPFunctionsLayer
0x00af7670	VIPItems
0x00af7698	AroundTheWorldInfoData
0x00af76c0	GuessWorldCupData
0x00af76e8	VIPLayer
0x00af7710	FirstChargeGiftData
0x00af7738	FirstChargeGiftsLayer
0x00af7774	CouponsCell
0x00af7788	CouponsItems
0x00af77b0	VipQuestLayer
0x00af77d8	VipStoryLayer
0x00af7800	VipQuest
0x00af7828	VipStory
0x00af7850	OnlineRewardData
0x00af7878	OnlineTimeManager
0x00af78a0	RewardEffectSprite
0x00af78c8	VIPDailyReward
0x00af78f0	OnlineRewardRemoteData
0x00af792c	NSStringMD5Addition_Local
0x00af7940	ATPagingView
0x00af7968	ATPagingViewController
0x00af7990	FeatureIntroductionViewController
0x00af79b8	FeatureIntroductionView
0x00af79e0	ActionCenterLayer
0x00af7a08	ActionLevelLayer
0x00af7a30	ActionLevelData
0x00af7a58	DailySignLayer
0x00af7a80	SealExchangeLayer
0x00af7aa8	QuestionnaireLayer
0x00af7ad0	BoxRewardData
0x00af7af8	RewardBox
0x00af7b20	AdWallsManager
0x00af7b48	DianruManager
0x00af7b70	DianruViewController
0x00af7b98	ChoosingPagesMainLayer
0x00af7bc0	DomobManager
0x00af7be8	IMMobManager
0x00af7c10	TaomeeManager
0x00af7c38	YouMiManager
0x00af7c60	TapjoyManager
0x00af7c88	DailySignExchangeData
0x00af7cb0	CustomerServiceLayer
0x00af7cd8	ADCPowerWallManager
0x00af7d00	ActivityGiftData
0x00af7d28	ActivityCenterInfoData
0x00af7d64	AdWallMd5Maker
0x00af7d78	AdWallsActionSheet
0x00af7da0	AdWallsData
0x00af7ddc	AdWallsErrorHandler
0x00af7df0	AdWallsListMaker
0x00af7e2c	AdWallsRandomMaker
0x00af7e40	AdWallsSwitchesManager
0x00af7e68	AdWallsTableViewController
0x00af7e90	AdWallsViewController
0x00af7eb8	ActivityBulletinLayer
0x00af7ee0	TMInvisibleObjectDataBase
0x00af7f08	TMCouponData
0x00af7f30	YellowDuck
0x00af7f58	ActivityBulletinControl
0x00af7f80	NewStyleStoreMainLayer
0x00af7fa8	RewardTicketsIcon
0x00af7fd0	NewStyleStoreMenuView
0x00af7ff8	NewStyleStoreItemsView
0x00af8034	NewStyleStoreItemsCell
0x00af805c	CCColourUtils
0x00af8070	CCScale9Sprite
0x00af8098	TaomeeLogoLayer
0x00af80c0	FlyKiteMainLayer
0x00af80e8	ActionCodeLayer
0x00af8110	RequestCodeLayer
0x00af8138	RequestCodeListData
0x00af8160	Activity_FlameWars_MainLayer
0x00af8188	Activity_FlameWars_BasePopLayer
0x00af81c4	Activity_FlameWars_RuleLayer
0x00af81d8	Activity_FlameWars_DailyRewardLayer
0x00af8214	Activity_FlameWars_ExchangeLayer
0x00af823c	Activity_FlameWars_LevelupLayer
0x00af8250	Activity_FlameWars_DailyDonateLayer
0x00af8278	Activity_FlameWars_TopTenLayer
0x00af82a0	NaramSpringActivityInfoData
0x00af82c8	ActionCenterControl
0x00af82f0	DriftBottleMessageLayer
0x00af8318	TopTenUserInfo
0x00af8340	FlameTeamInfoData
0x00af8368	FlameUserCtriInfo
0x00af8390	FlameDailyRewardList
0x00af83b8	FlameCtriExchangeGiftInfo
0x00af83e0	FlameActivityState
0x00af8408	Activity_FlameWars_DonationData
0x00af8430	ActivityFlameWarsSelectLayer
0x00af8458	SpecialNightEffect
0x00af8480	ScaleableNightEffect
0x00af84bc	LogMemory
0x00af84d0	WaterTowerRewardData
0x00af84f8	WaterTower
0x00af8520	WaterTowerRewardView
0x00af8548	WipeWaterLayer
0x00af8570	GiftAndMessageLayer
0x00af8598	FireworkLayer
0x00af85c0	AccountBindingLayer
0x00af85e8	AccountBindingArrow
0x00af8610	AdWalls_OpenUDID
0x00af8638	WaterTowerView
0x00af8674	CocosBuilderLayer
0x00af8688	CCBReader
0x00af86b0	ActivityForecastLayer
0x00af86d8	CrowPriest
0x00af8700	CrowPriestMessageLayer
0x00af8728	IceSummerMainLayer
0x00af8750	Activity_IceCream_BasePopLayer
0x00af8778	Activity_IceCream_DailyRewardLayer
0x00af87b4	Activity_IceCream_ExchangeLayer
0x00af87c8	Activity_IceCream_DailyDonateLayer
0x00af87f0	IceSummerData
0x00af8818	IceSummerDailyRewardList
0x00af8840	IceCtriExchangeGiftInfo
0x00af8868	IceSummerDonationData
0x00af8890	UniqueDecorator
0x00af88b8	QiXiAdvanceLayer
0x00af88e0	CaribbeanMainLayer
0x00af8908	GetItemRewardFromHaiwangLayer
0x00af8930	ActivityCaribbeanBasePopLayer
0x00af8958	ActivityCaribbeanRuleLayer
0x00af8980	ActivityCaribbeanAllSpeedLayer
0x00af89a8	ActivityTreasureHuntLayer
0x00af89bc	TreasureHuntPopLayer
0x00af89f8	CaribbeanDiscoveringData
0x00af8a20	HouseRecyclerView
0x00af8a48	FlyKiteTopTenData
0x00af8a70	LeoAdvanceLayer
0x00af8a98	PopularItemsPKAdvanceLayer
0x00af8ac0	PopularItemsPKMainLayer
0x00af8ae8	PopularItemsPKVoteLayer
0x00af8b10	AutumnMainLayer
0x00af8b38	Activity_Totoro_BasePopLayer
0x00af8b74	Activity_Totoro_DailyRewardLayer
0x00af8b60	Activity_Totoro_DailyDonateLayer
0x00af8bb0	AnimalsRecyclerView
0x00af8bd8	Activity_Shrek_BasePopLayer
0x00af8c14	Activity_Shrek_DailyRewardLayer
0x00af8c00	Activity_Shrek_RuleLayer
0x00af8c50	TotoroQuestRequestData
0x00af8c78	TotoroQuestData
0x00af8ca0	TotoroGiftData
0x00af8cc8	TotoroActivityData
0x00af8cf0	ShrekActivityData
0x00af8d18	TreasureData
0x00af8d40	TreasureChestData
0x00af8d68	NaramGetTodayRewardLayer
0x00af8d90	TreasureSprite
0x00af8db8	TreasureRewardLayer
0x00af8de0	TreasureRewardSprite
0x00af8e08	AliceRewardData
0x00af8e30	AliceTreasureData
0x00af8e58	AliceTreasureArray
0x00af8e80	AliceReturnData
0x00af8ea8	AliceActivityData
0x00af8ed0	Activity_Alice_BasePopLayer
0x00af8f20	Activity_Alice_MainLayer
0x00af8ef8	Activity_Alice_RuleLayer
0x00af8f5c	Activity_Alice_DiceLayer
0x00af8f34	Activity_Alice_TreasureLayer
0x00af8f0c	Activity_Alice_ExchangeLayer
0x00af8f48	Activity_Alice_StrengthLayer
0x00af8fe8	Activity_Alice_RecycleLayer
0x00af9010	CustomUIImageView
0x00af9038	AnniversaryMainLayer
0x00af9060	ShowActivityRuleLayer
0x00af9088	AnniversarySubLayer
0x00af90b0	HalloweenMainLayer
0x00af90d8	ActivityHalloweenBasePopLayer
0x00af9100	Activity_Halloween_RewardLayer
0x00af9128	HalloweenGhostSprite
0x00af9150	HalloweenPumpkinHeadSprite
0x00af9178	HalloweenBlackCatSprite
0x00af91a0	HalloweenCorpseSprite
0x00af91c8	TMAdBanner
0x00af91f0	TMAdButton
0x00af9218	TMAdCache
0x00af9254	TMAdCommon
0x00af9268	TMAdConfig
0x00af927c	LightXMLReader
0x00af92b8	TMAdOpenID
0x00af92e0	XmasMainLayer
0x00af9308	ActivityXmasBasePopLayer
0x00af9330	Activity_Xmas_RewardLayer
0x00af9358	Activity_Xmas_RuleLayer
0x00af9380	Activity_Xmas_VoteLayer
0x00af93a8	Activity_Xmas_RoundResultLayer
0x00af93d0	Activity_Xmas_ResultLayer
0x00af93f8	XmasActivityPlayerData
0x00af9420	XmasActivityData
0x00af9448	AutoPopZhongXinLayer
0x00af9470	OnTouchPopZhongXinLayer
0x00af9498	ReceiveGiftLayer
0x00af94c0	MiDiMan
0x00af94e8	ShowAdwallBoardLayer
0x00af9510	PromoteSalesMainLayer
0x00af9538	PromoteShowItemsLayer
0x00af9560	NaramSpringMainLayer
0x00af9588	IMCJSONDataScanner
0x00af95b0	IMCJSONScanner
0x00af95ec	IMCJSONDeserializer
0x00af9600	IMCJSONSerializedData
0x00af963c	IMCJSONDataSerializer
0x00af9650	IMCJSONSerializer
0x00af9678	IMCommonMgr
0x00af96a0	IMCommonUtil
0x00af96c8	IMCommonsNetworkReachability
0x00af96f0	IMGTMBase64Private
0x00af9718	IMProductConfigReqParams
0x00af9740	IMProductConfigs
0x00af9768	IMProductConfigMgr
0x00af9790	IMMetricPostParams
0x00af97b8	IMProductMetricMgr
0x00af97e0	IMNiceConfigs
0x00af9808	IMNiceParamsMgr
0x00af9830	IATGoalListData
0x00af9858	IMAdTracker
0x00af9880	TFViewController_iPad
0x00af98a8	TFBaseTableViewController
0x00af98d0	TaomeeFeedback
0x00af98f8	ImageScrollView
0x00af9920	TFPostMessageViewController
0x00af9948	TFImagePreviewViewController
0x00af9970	TFFAQDetailViewController
0x00af9998	TFAnswerViewController
0x00af99c0	TFFAQViewController
0x00af99e8	TFIssueDetailViewController
0x00af9a10	TFIssueTableViewCell
0x00af9a38	TFMainMenuViewController
0x00af9a60	TFThreadDetailCell
0x00af9a88	TFThreadData
0x00af9ab0	TFThreadDetail
0x00af9ad8	TFThreadHeader
0x00af9b00	TFThreadBody
0x00af9b28	TFFAQCategory
0x00af9b50	TFFAQThread
0x00af9b78	TFTransportManager
0x00af9ba0	UIPlaceHolderTextView
0x00af9bc8	TFAsynchronousImageView
0x00af9bf0	TFAsynchronousImageButton
0x00af9c18	FeedbackPicture
0x00af9c40	FeedbackMessage
0x00af9c68	QAThread
0x00af9c90	QACategory
0x00af9cb8	FeebackThread
0x00af9ce0	FeedbackThreadDetail
0x00af9d08	Profile
0x00af9d30	TFAsyncReadPacket
0x00af9d58	TFAsyncWritePacket
0x00af9d80	TFAsyncSpecialPacket
0x00af9da8	TFAsyncSocket
0x00af9dd0	FeedbackController
0x00af9df8	FeedbackSession
0x00af9e20	Login
0x00af9e48	FetchSessionKey
0x00af9e70	PostQuestionImpl
0x00af9e98	PostQuestion
0x00af9ec0	AnswerQuestion
0x00af9ee8	FetchPersonalThreads
0x00af9f10	DeletePersonalThread
0x00af9f38	FetchThreadDetail
0x00af9f60	FetchQACategory
0x00af9f88	FetchQAThreads
0x00af9fb0	SearchThreads
0x00af9fd8	FetchInfo
0x00afa000	UnreadThreads
0x00afa028	TFProgressHUD
0x00afa050	TFToolBar
0x00afa078	TFForumViewController
0x00afa0a0	TFImagePickerViewController
0x00afa0c8	TFOpenUDID
0x00afa0f0	PBOfferWallManager
0x00afa12c	PBDeviceFingerprint
0x00afa140	PBOfferWall
0x00afa168	PBOfferWallNet
0x00afa190	PBOfferWallView
0x00afa1b8	PBADRequest
0x00afa1e0	PBMoreGame
0x00afa208	PBInterstitial
0x00afa244	PunchBoxAd
0x00afa258	PunchBoxAdObject
0x00afa280	PBOpenUDID
0x00afa2a8	UIDeviceExtend
0x00afa2d0	PBAppStoreManager
0x00afa2f8	PBBannerManager
0x00afa320	PBCustomBadge
0x00afa35c	PBRequestError
0x00afa370	PBJKArray
0x00afa398	PBJKDictionaryEnumerator
0x00afa3c0	PBJKDictionary
0x00afa3e8	PBJSONDecoder
0x00afa410	PBJKSerializer
0x00afa438	PBBannerView
0x00afa460	PBURLManager
0x00afa488	PBMoreGameView
0x00afa4b0	PBReachability
0x00afa4d8	PBMoreGameManager
0x00afa500	PBUuidManager
0x00afa528	PBInterstitialView
0x00afa550	PBInterstitialManager
0x00afa578	PBInterstitialNet
0x00afa5a0	PBHTTPConnection
0x00afa5c8	PBWebSiteView
0x00afa5f0	PBMoreGameNet
0x00afa618	PBSFHFKeychainUtils
0x00afa640	PBBannerNet
0x00afa668	TMAStatic
0x00afa6a4	NSStringMD5Addition
0x00afa6b8	UIDeviceIdentifierAddition
0x00afa6e0	TMAWelcomeViewController
0x00afa708	TMAWelcomeView
0x00afa744	TMA_ASIAutorotatingViewController
0x00afa758	TMA_ASIAuthenticationDialog
0x00afa780	TMA_ASIDataCompressor
0x00afa7a8	TMA_ASIDataDecompressor
0x00afa7d0	TMA_ASIFormDataRequest
0x00afa7f8	TMA_ASIInputStream
0x00afa820	TimeOutControllInfo
0x00afa848	TMAHttpManager
0x00afa870	TMAHTTPRequest
0x00afa898	TMALoginViewController
0x00afa8c0	TMAInputData
0x00afa8e8	TMADataManager
0x00afa910	TMA_JKArray
0x00afa938	TMA_JKDictionaryEnumerator
0x00afa960	TMA_JKDictionary
0x00afa988	TMA_JSONDecoder
0x00afa9b0	_JKSerializer
0x00afa9ec	TMA_SSKeychain
0x00afaa14	TMA_InvalidKeyException
0x00afaa28	TMA_CryptUtils
0x00afaa50	TMAUserData
0x00afaa78	TMA_ASIHTTPRequest
0x00afaaa0	TMA_ASINetworkQueue
0x00afaac8	TMA_Reachability
0x00afaaf0	TMAButton
0x00afab18	TMALabel
0x00afab40	TMABackgroundView
0x00afab68	TMAccountManagerView
0x00afab90	TMAButtonsManagerView
0x00afabb8	TMAPasswordModifyView
0x00afabe0	TMAUserIDListView
0x00afac08	TMAChangeIDView
0x00afac30	TMAApplyTaomeeIDView
0x00afac58	TMAeMailModifyView
0x00afac80	TMAPasswordRetrieveView
0x00afaca8	TMASetPasswordView
0x00afacd0	TMAFinishInfoView
0x00afacf8	TMAErrorInfoView
0x00afad20	TaomeeServerData
0x00afad5c	TaomeeGetServerIpList
0x00afad84	TaomeeMoreDeviceChecker
0x00afad98	TaomeeGetServerIpListManager
0x00afadc0	TMST_SessionInfo
0x00afade8	TMST_EventInfo
0x00afae10	TMSTDataManager
0x00afae38	TaomeeStat
0x00afae60	TaomeeAnalytics
0x00afae88	MacAddress
0x00afaeb0	TaomeeOpenUDID
0x00afaed8	startSessionParam
0x00afaf00	logEventParam
0x00afaf3c	sendDataParam
0x00afaf50	TaomeeAnalyticImplement
0x00afaf8c	TaomeeLocalNotificationsScheduler
0x00afafa0	TaomeeRate
0x00afafc8	TaomeeVersion
0x00afaff0	TA_AdView
0x00afb018	TA_TaomeeAdData
0x00afb040	TM_Reachability
0x00afb07c	TM_ASIAutorotatingViewController
0x00afb090	TM_ASIAuthenticationDialog
0x00afb0b8	ASIDataCompressor
0x00afb0e0	ASIDataDecompressor
0x00afb108	ASIDownloadCache
0x00afb130	TM_ASIFormDataRequest
0x00afb158	TM_ASIHTTPRequest
0x00afb180	TM_ASIInputStream
0x00afb1a8	TM_ASINetworkQueue
0x00afb1d0	SDWebImageDownloader
0x00afb1f8	SDImageCache
0x00afb220	SDWebImageManager
0x00afb248	SDWebImageDecoder
0x00afb270	SDWebImagePrefetcher
0x00afb2ac	ImageUtility
0x00afb2c0	SDWebImageButton
0x00afb2e8	SDWebImageView
0x00afb324	TMDeviceHelper
0x00afb338	TM_JKArray
0x00afb360	TM_JKDictionaryEnumerator
0x00afb388	TM_JKDictionary
0x00afb3b0	TM_JSONDecoder
0x00afb3d8	TM_JKSerializer
0x00afb414	TM_MBProgressHUD
0x00afb400	TM_MBRoundProgressView
0x00afb450	TaomeeMoreController
0x00afb478	TaomeeMobileMore
0x00afb4a0	TM_SMPageControl
0x00afb4c8	TMTitleAdData
0x00afb4f0	TMVideoData
0x00afb518	TMAppIdData
0x00afb540	TMAppData
0x00afb568	TMThemesData
0x00afb590	TMMobileMoreData
0x00afb5b8	TaomeeThemesView
0x00afb5e0	ThemesCell
0x00afb608	ThemesPreviewView
0x00afb630	ThemesToolBar
0x00afb658	SaveOkView
0x00afb680	VideoCell
0x00afb6a8	TaomeeVideoView
0x00afb6d0	AppCell
0x00afb6f8	TaomeeAppView
0x00afb720	TMStatic
0x00afb748	TaomeeAdView
0x00afb770	TMAdView
0x00afb798	TaomeeLogoView
0x00afb7c0	PLCrashSignalHandler
0x00afb7e8	PLCrashReporter
0x00afb810	PLCrashReport
0x00afb838	PLCrashReportSystemInfo
0x00afb860	PLCrashReportApplicationInfo
0x00afb888	PLCrashReportThreadInfo
0x00afb8b0	PLCrashReportStackFrameInfo
0x00afb8d8	PLCrashReportRegisterInfo
0x00afb900	PLCrashReportBinaryImageInfo
0x00afb928	PLCrashReportExceptionInfo
0x00afb950	PLCrashReportSignalInfo
0x00afb978	PLCrashReportProcessInfo
0x00afb9a0	PLCrashReportTextFormatter
0x00afb9c8	PLCrashReportProcessorInfo
0x00afb9f0	PLCrashReportMachineInfo
0x00afba18	PLCrashReportReportInfo
0x00afba54	CrashLog
0x00afba7c	BWCrashReportTextFormatter
0x00afba90	BWQuincyManager
0x00afbacc	TaomeeAppChecker
0x00afbae0	CRL_Reachability
0x00afbb08	TMIAPReceiptVerify
0x00afbb44	TMI_GTMBase64
0x00afbb58	TMI_SBJSON
0x00afbb80	TMI_SBJsonBase
0x00afbbbc	TMI_SBJsonParser
0x00afbbe4	TMI_SBJsonWriter
0x00afbc0c	TMI_ASIAutorotatingViewController
0x00afbc20	TMI_ASIAuthenticationDialog
0x00afbc48	TMI_ASIDataCompressor
0x00afbc70	TMI_ASIDataDecompressor
0x00afbc98	TMI_ASIDownloadCache
0x00afbcc0	TMI_ASIFormDataRequest
0x00afbce8	TMI_ASIHTTPRequest
0x00afbd10	TMI_ASIInputStream
0x00afbd38	TMI_ASINetworkQueue
0x00afbd60	TMI_Reachability
0x00afbd88	TMIAPData
0x00afbdb0	TMIAPVerify
0x00afbdec	TMLocalFile
0x00afbe00	TMDeviceChecker
0x00afbe3c	TMReceiptManager
0x00afbe64	ErrorHandler
0x00afbe8c	Md5Handler
0x00afbeb4	TMAppChecker
0x00afbec8	TMLocalVerification
0x00afbef0	TMPurchase
0x00afbf18	UnInstalledTipsController
0x00afbf40	TMI_JKArray
0x00afbf68	TMI_JKDictionaryEnumerator
0x00afbf90	TMI_JKDictionary
0x00afbfb8	TMI_JSONDecoder
0x00afbfe0	TMI_JKSerializer
0x00afc008	TaomeeSurvey
0x00afc030	TaomeeSurveyViewController
0x00afc058	DianRuAdWall
0x00afc094	DianRuAdWallDeviceInfo
0x00afc0a8	DianRuAdWallAppCodec
0x00afc0d0	DianRuAdWallOpenUDID
0x00afc0f8	UIWallViewController
0x00afc120	DianRuAdWallSVProgressHUD
0x00afc148	AlertWebInfoViewController_ipad
0x00afc170	AlertWebInfoViewController_iphone
0x00afc198	AsyncImageView
0x00afc1c0	nav_ViewController
0x00afc1fc	AdModel
0x00afc210	SBTableViewTopShadowView
0x00afc238	SBTableView
0x00afc274	SBTableAlertCellBackgroundView
0x00afc288	SBTableViewSectionHeaderView
0x00afc2b0	SBTableAlertCell
0x00afc2d8	SBTableAlert
0x00afc300	msg_viewController
0x00afc33c	selectADModel
0x00afc350	DianRu_DianRuArray
0x00afc378	DianRu_DianRuDictionaryEnumerator
0x00afc3a0	DianRu_DianRuDictionary
0x00afc3c8	DianRu_JSONDecoder
0x00afc3f0	DianRu_DianRuSerializer
0x00afc418	DianRu_XLCycleScrollView
0x00afc440	_EGORefreshTableFooterView
0x00afc468	_EGORefreshTableHeaderView
0x00afc490	_SDImageCache
0x00afc4b8	_SDWebImageDecoder
0x00afc4e0	_SDWebImageDownloader
0x00afc508	_SDWebImageManager
0x00afc530	_SDWebImagePrefetcher
0x00afc558	DMOfferWallViewController
0x00afc580	DMOfferWallTableView
0x00afc5a8	DMOfferWallRequest
0x00afc5d0	DMOfferWallReport
0x00afc60c	DMOfferWallStorage
0x00afc620	DMOfferWallTitleBar
0x00afc648	DMOfferWallConfigManager
0x00afc670	DMOfferWallHelpPageController
0x00afc698	DMOfferWallAppealPageController
0x00afc6d4	DMOfferWallEncrypter
0x00afc6e8	DMOfferWallOpenUDID
0x00afc710	DMOfferWallHTTPConnectionHelper
0x00afc738	DMOfferWallTimer
0x00afc774	DMOfferWallLocationManager
0x00afc79c	DMOfferWallUtils
0x00afc7b0	DMOfferWallCustomTableViewCell
0x00afc7d8	DMOfferWallEGORefreshTableHeaderView
0x00afc800	DMOWCustomDetailView
0x00afc828	DMOfferWallTableFooterView
0x00afc850	DMOfferWallTableHeaderView
0x00afc878	DMOfferWallTableViewBackgroundView
0x00afc8b4	DMOfferWallViewUtils
0x00afc8dc	DMOfferWallGTMBase64
0x00afc8f0	DMOWJsonBase
0x00afc92c	DMOWJsonParser
0x00afc940	DMOWCustomDetailViewAnimation
0x00afc97c	DMOWJsonWriter
0x00afc990	DMOWDetailAlertView
0x00afc9b8	DMOWInterstitialViewController
0x00afc9e0	MMApiRegister
0x00afca08	AppCommunicate
0x00afca44	WXApi
0x00afca58	WeChatApiUtil
0x00afca80	BaseReq
0x00afcaa8	BaseResp
0x00afcad0	SendMessageToWXReq
0x00afcaf8	SendMessageToWXResp
0x00afcb20	GetMessageFromWXReq
0x00afcb48	GetMessageFromWXResp
0x00afcb70	ShowMessageFromWXReq
0x00afcb98	ShowMessageFromWXResp
0x00afcbc0	LaunchFromWXReq
0x00afcbe8	WXImageObject
0x00afcc10	WXMusicObject
0x00afcc38	WXVideoObject
0x00afcc60	WXWebpageObject
0x00afcc88	WXAppExtendObject
0x00afccb0	WXEmoticonObject
0x00afccd8	WXFileObject
0x00afcd00	WXMediaMessage
0x00afcd28	AppSettingItem
0x00afcd50	AppRegisterInfo
0x00afcd78	WXMediaInternalMessage
0x00afcda0	WXAuthInternal
0x00afcdc8	AppCommunicateData
0x00afcdf0	LMWebView
0x00afce18	immobUtils
0x00afce40	LMController
0x00afce68	LMDisplayController
0x00afce90	LMLocationController
0x00afceb8	LMNetworkController
0x00afcee0	LMPhoneController
0x00afcf08	LMVideoViewController
0x00afcf30	LMPlayerController
0x00afcf58	LMSDKController
0x00afcf80	LMSensorController
0x00afcfa8	immobCache
0x00afcfd0	immobView
0x00afcff8	immobReachability
0x00afd020	LMCtrMgr
0x00afd034	LMGoogleMaps
0x00afd070	LmmobJKArray
0x00afd098	LmmobJKDictionaryEnumerator
0x00afd0c0	LmmobJKDictionary
0x00afd0e8	LmmobJSONDecoder
0x00afd0fc	LmmobJKSerializer
0x00afd138	OpenUDID_immobView
0x00afd160	immobJavaScriptBridge
0x00afd188	immobViewZipArchive
0x00afd1c4	immobModalWebViewController
0x00afd1b0	immobWebViewController
0x00afd200	immobKeyChain
0x00afd23c	TaomeeAdWall
0x00afd250	TaomeeAdWallData
0x00afd278	TaomeeAdWallQuery
0x00afd2a0	TaomeeAdWallReduce
0x00afd2c8	TaomeeAdWallViewController
0x00afd2f0	TaomeeAdWallAnalytics
0x00afd318	TaomeeAdWallDevice
0x00afd340	TMAW_JKArray
0x00afd368	TMAW_JKDictionaryEnumerator
0x00afd390	TMAW_JKDictionary
0x00afd3b8	TMAW_JSONDecoder
0x00afd3e0	TMAW_JKSerializer
0x00afd41c	TaomeeAdWallFileManager
0x00afd444	TaomeeAdWallMd5
0x00afd458	TMAD_OpenUDID
0x00afd480	GADSearchRequestPrivate
0x00afd4a8	GADCachedFile
0x00afd4d0	GADNetworkChecker
0x00afd4f8	GADTiming
0x00afd520	GADTimingManager
0x00afd548	GADRequestError
0x00afd570	GADNetworkUtilities
0x00afd5ac	GADPrivateUtilities
0x00afd5d4	GADRequest
0x00afd5e8	GADIdentifierUtilities
0x00afd610	GADRequestPrivate
0x00afd64c	GADMacros
0x00afd660	GADClickTracker
0x00afd688	GADViewController
0x00afd6b0	GADViewControllerPrivate
0x00afd6d8	GADBrowserController
0x00afd700	GADBrowserControllerPrivate
0x00afd728	GADIntrinsicImages
0x00afd750	GADWebAppViewController
0x00afd778	GADWebAppViewControllerPrivate
0x00afd7a0	GADWebViewDelegate
0x00afd7dc	GADNumberUtilities
0x00afd7f0	GADOpener
0x00afd818	GADBrowserWebViewDelegate
0x00afd840	GADWebAppWebViewDelegate
0x00afd868	GADBannerWebViewDelegate
0x00afd890	GADNotification
0x00afd8cc	GADNotificationCenter
0x00afd8e0	GADSharedStatistics
0x00afd908	GADStatisticsCore
0x00afd930	GADInterstitial
0x00afd958	GADBannerView
0x00afd980	GADObjectPrivate
0x00afd9a8	GADLocation
0x00afd9e4	GADDelegateManager
0x00afd9f8	GADInterstitialAppController
0x00afda20	GADMAdManager
0x00afda48	GADMAdNetworkConfig
0x00afda70	GADMToGADGlue
0x00afda98	GADMNSURLConnectionFactory
0x00afdac0	GADMConfig
0x00afdae8	GADMAdNetworkConnectorImpl
0x00afdb10	GADMAdapterGoogleAdMobAds
0x00afdb4c	GADSearchObjectPrivate
0x00afdb74	GADSearchBannerView
0x00afdb9c	GADSearchRequest
0x00afdbb0	GAD_GTMStringEncoding
0x00afdbd8	GADWebView
0x00afdc00	GADWebViewPrivate
0x00afdc28	GADClickTrackerCollection
0x00afdc50	GADJavaScriptController
0x00afdc78	GADAdFetcher
0x00afdca0	GADCachedURLResponse
0x00afdcc8	GADURLConnection
0x00afdcf0	GADImpressionTicketGestureRecognizer
0x00afdd18	GADMRAIDInterceptor
0x00afdd40	GADAdURLStash
0x00afdd68	GADMUtilities
0x00afdd90	GADMAdapterCustomEvents
0x00afddb8	GADCustomEventRequest
0x00afddf4	GADUIWebViewGestureDelgate
0x00afde08	GADAdMobExtras
0x00afde30	GADCustomEventExtras
0x00afde58	GADAdType
0x00afde80	GADImpressionTicketGestureRecognizerPrivate
0x00afdebc	GADMAdNetworkConnectorBanner
0x00afdee4	GADMAdNetworkConnectorInterstitial
0x00afdf0c	DFPInterstitial
0x00afdf20	DFPBannerView
0x00afdf48	DFPExtras
0x00afdf70	GADMAdSizeUtilities
0x00afdfac	GADViewUtilities
0x00afdfc0	GADBadAdUtil
0x00afdffc	GADStatistics
0x00afe010	GADSlotStatistics
0x00afe038	GADActivationView
0x00afe074	GADActivationViewDelegate
0x00afe09c	DFPSwipeableBannerView
0x00afe0b0	GAD_SBJSON
0x00afe0ec	GADGestureUtil
0x00afe114	GADGestureIdUtil
0x00afe13c	IMAdCloseButton
0x00afe150	IMAdConfigs
0x00afe178	IMOrientationProperties
0x00afe1a0	IMResizeProperties
0x00afe1c8	IMExpandProperties
0x00afe1f0	IMAdManager
0x00afe218	IMBannerAdManager
0x00afe240	IMInterstitialAdManager
0x00afe268	IMAdUtilities
0x00afe290	IMMailViewController
0x00afe2b8	IMSMSViewController
0x00afe2e0	IMEmbeddedWebViewController
0x00afe308	IMSKStoreProductViewController
0x00afe330	IMURLRequest
0x00afe358	IMHttpRequestBuilder
0x00afe380	IMHttpAdRequest
0x00afe3a8	IMAIPingParams
0x00afe3d0	IMAsyncPingRequest
0x00afe3f8	IMAsyncPingWebViewRequest
0x00afe420	IMMediaManager
0x00afe448	IMMraidAudioPlayer
0x00afe470	IMMraidVideoPlayer
0x00afe498	IMPingRequestCache
0x00afe4c0	IMWebView
0x00afe4fc	IMAdError
0x00afe510	IMAdInterstitial
0x00afe538	IMAdRequest
0x00afe560	IMAdView
0x00afe59c	TMPush
0x00afe5b0	TMPushNotificationHandler
0x00afe5d8	TMPushID
0x00afe614	ADCAdvertiser
0x00afe628	ADCError
0x00afe650	ADCFileCache
0x00afe678	ADCGlobal
0x00afe6a0	ADCUtility
0x00afe6c8	ADCUtil
0x00afe6f0	ADCAdInfo
0x00afe718	ADCSplashApp
0x00afe740	ADCSplashList
0x00afe768	ADCAdList
0x00afe790	ADCApp
0x00afe7b8	ADCAppListItem
0x00afe7e0	ADCNotification
0x00afe808	ADCFeedback
0x00afe830	ADCUDIDCoding
0x00afe858	ADCProtocolEngine
0x00afe880	ADCProtocolEngineSelector
0x00afe8a8	ADCUrlImageQueue
0x00afe970	ADCProtocolParserFactory
0x00afe998	ADCProtocolAbstractParser
0x00afe8d0	ADCBannerAdvertisementListRequestParser
0x00afe95c	ADCSplashAdvertisementListRequestParser
0x00afe948	ADCWallAdvertisementGetRecommendDailyeRequestParser
0x00afe8e4	ADCWallAdvertisementListRequestParser
0x00afe8f8	ADCWallAdvertisementGetScoreRequestParser
0x00afe90c	ADCWallAdvertisementReduceScoreRequestParser
0x00afe920	ADCSendActionRequestParser
0x00afe934	ADCWeb2AppCheckClickRequestParser
0x00afea74	ASIAutorotatingViewController_AppDriverChina
0x00afea88	ASIAuthenticationDialog_AppDriverChina
0x00afeab0	ASIDataCompressor_AppDriverChina
0x00afead8	ASIDataDecompressor_AppDriverChina
0x00afeb00	ASIDownloadCache_AppDriverChina
0x00afeb28	ASIFormDataRequest_AppDriverChina
0x00afeb50	ASIHTTPRequest_AppDriverChina
0x00afeb78	ASIInputStream_AppDriverChina
0x00afeba0	ASINetworkQueue_AppDriverChina
0x00afebc8	Reachability_AppDriverChina
0x00afebf0	NSObjectSBJsonAppDriverChina
0x00afec18	SBJsonParser_AppDriverChina
0x00afec40	SBJsonStreamParser_AppDriverChina
0x00afec7c	SBJsonStreamParserAccumulator_AppDriverChina
0x00afec90	SBJsonStreamParserAdapter_AppDriverChina
0x00afeccc	SBJsonStreamParserState_AppDriverChina
0x00afed44	SBJsonStreamParserStateStart_AppDriverChina
0x00afed08	SBJsonStreamParserStateComplete_AppDriverChina
0x00afed1c	SBJsonStreamParserStateError_AppDriverChina
0x00afecf4	SBJsonStreamParserStateObjectStart_AppDriverChina
0x00afed80	SBJsonStreamParserStateObjectGotKey_AppDriverChina
0x00afeda8	SBJsonStreamParserStateObjectSeparator_AppDriverChina
0x00afedd0	SBJsonStreamParserStateObjectGotValue_AppDriverChina
0x00afedf8	SBJsonStreamParserStateObjectNeedKey_AppDriverChina
0x00afece0	SBJsonStreamParserStateArrayStart_AppDriverChina
0x00afee34	SBJsonStreamParserStateArrayGotValue_AppDriverChina
0x00afee5c	SBJsonStreamParserStateArrayNeedValue_AppDriverChina
0x00afee98	SBJsonStreamWriter_AppDriverChina
0x00afeec0	SBJsonStreamWriterAccumulator_AppDriverChina
0x00afeefc	SBJsonStreamWriterState_AppDriverChina
0x00afef38	SBJsonStreamWriterStateObjectStart_AppDriverChina
0x00afef60	SBJsonStreamWriterStateObjectKey_AppDriverChina
0x00afef10	SBJsonStreamWriterStateObjectValue_AppDriverChina
0x00afefb0	SBJsonStreamWriterStateArrayStart_AppDriverChina
0x00afef88	SBJsonStreamWriterStateArrayValue_AppDriverChina
0x00aff000	SBJsonStreamWriterStateStart_AppDriverChina
0x00afefd8	SBJsonStreamWriterStateComplete_AppDriverChina
0x00aff03c	SBJsonStreamWriterStateError_AppDriverChina
0x00aff050	SBJsonTokeniser_AppDriverChina
0x00aff078	SBJsonUTF8Stream_AppDriverChina
0x00aff0a0	SBJsonWriter_AppDriverChina
0x00aff0c8	TBXML_AppDriverChina
0x00aff0f0	ADCActivitiesTypeView
0x00aff118	ADCAppActivitiesViewController
0x00aff140	ADCAppInfoViewController
0x00aff168	ADCCellImageView
0x00aff190	ADCAppListCell
0x00aff1b8	ADCArchRectangleView
0x00aff1e0	ADCBannerView
0x00aff208	ADCFeedBackController
0x00aff230	ADCNavigationController
0x00aff258	ADCPowerWallViewController
0x00aff280	ADCRecommendView
0x00aff2a8	ADCSponsorDetailViewController
0x00aff2d0	ADCNavigationBarView
0x00aff2f8	ADCSplashView
0x00aff320	ADCOpenUDID
0x00aff348	ADCKeychainItemWrapper
0x00aff370	TDGADeviceProfile
0x00aff398	TDGAEventPackage
0x00aff3d4	TDGADataWork
0x00aff3e8	TDGASafeDictionary
0x00aff424	TDGASerialization
0x00aff438	TDGALogin
0x00aff460	TDGALogout
0x00aff488	TDGAMissionEvent
0x00aff4b0	TDGACustomEvent
0x00aff4d8	TDGACharge
0x00aff500	TDGAPurchase
0x00aff528	TDGAAppProfile
0x00aff550	TDGAGameEvent
0x00aff578	TDGAUtility
0x00aff5b4	TDGANetwork
0x00aff5dc	TalkingDataGA
0x00aff5f0	TalkingDataGAUDID
0x00aff62c	TDGAAccount
0x00aff654	TDGAMission
0x00aff67c	TDGAVirtualCurrency
0x00aff6a4	TDGAItem
0x00aff6b8	TDGAMissionProfile
0x00aff6e0	TDGAOrderProfile
0x00aff708	TDGAAppException
0x00aff730	TDGAUse
0x00aff758	TDGAUpdateAccountProfile
0x00aff780	TDGAInitialize
0x00aff7a8	TDGAOpenUDID
0x00aff7d0	TDGASecureUDID
0x00aff7f8	TDGAAccountProfile
0x00aff820	TDGALevelUp
0x00aff85c	TDGAAccountEvent
0x00aff870	TDGAReward
0x00aff898	TDGAJKArray
0x00aff8c0	TDGAJKDictionaryEnumerator
0x00aff8e8	TDGAJKDictionary
0x00aff910	TDGAJKSerializer
0x00aff94c	TDGAJson
0x00aff974	TDGAKeyChain
0x00aff988	TDGAAppList
0x00aff9c4	TDGABase64
0x00aff9ec	TDGACryptUtil
0x00affa14	NewRelicConnectInfo
0x00affa28	NewRelicAgentInternal
0x00affa64	NewRelicAgent
0x00affa78	NewRelicInternalUtils
0x00affaa0	NRReachability
0x00affac8	NRSecureUDID
0x00affaf0	NRTimer
0x00affb18	NRTransactionData
0x00affb40	NRURLProtocol
0x00affb68	NRLogger
0x00affba4	NRNonARCMethods
0x00affbb8	NRASIRequestTracker
0x00affbf4	NRASISupport
0x00affc08	NRErrorData
0x00affc30	NRSupportability
0x00affc58	NRStats
0x00affc80	NRStatsEngine
0x00affcbc	NRNSURLSupport
0x00affcd0	NRDelegateProxy
0x00affd0c	NRJSON
0x00affd20	NRURLConnection
0x00affd48	NRTitaniumRequestTracker
0x00affd84	NRTitaniumSupport
0x00affd98	Tapjoy
0x00affdc0	TJAdUnitJSBridge
0x00affde8	TJEvent
0x00affe24	TJEventRequest
0x00affe38	TJCAdManager
0x00affe60	TJCAdView
0x00affe9c	TJCUIDevice
0x00affeb0	TJCLog
0x00affed8	TJCNetReachability
0x00afff00	TJCUtil
0x00afff28	TJCViewController
0x00afff64	TJCLoadingMainView
0x00afff78	TJCLoadingView
0x00afffa0	TJCUIWebPageView
0x00afffc8	TJCViewHandler
0x00b00004	TJCEventTrackingManager
0x00b00018	TJCFullScreenAdManager
0x00b00040	MRAIDFragmentManager
0x00b00068	MRAIDJavascriptBridge
0x00b00090	TJMRAIDAVPlayerLoadingView
0x00b000b8	MRAIDAVPlayer
0x00b000e0	MRAIDView
0x00b00108	MRAIDWebBrowserViewController
0x00b00130	TJReachability
0x00b00158	TJCOffersManager
0x00b00180	TJCPushManager
0x00b001a8	TJCUserAccountManager
0x00b001d0	TJCUserAccountModel
0x00b001f8	TJCVideoLayer
0x00b00220	TJCVideoManager
0x00b0025c	TJCVideoViewDummy
0x00b00270	TJCVideoView
0x00b002ac	TJCVideoViewHandler
0x00b002c0	TJAFQueryStringPair
0x00b002e8	TJAFHTTPClient
0x00b002fc	TJAFMultipartFormData
0x00b00338	TJAFHTTPRequestOperation
0x00b00360	TJAFImageRequestOperation
0x00b00388	TJAFJSONRequestOperation
0x00b003b0	TJAFNetworkActivityIndicatorManager
0x00b003d8	TJAFPropertyListRequestOperation
0x00b00400	TJAFURLConnectionOperation
0x00b00428	TJAFXMLRequestOperation
0x00b00450	TJAFImageCache
0x00b0048c	TJRIButtonItem
0x00b004a0	TJWebViewJavascriptBridge
0x00b004c8	TJMBProgressHUD
0x00b004dc	TJMBRoundProgressView
0x00b0052c	TapjoyConnect
0x00b00540	TJXMLDictionaryParser
0x00b00568	TJ_AFHTTPClient
0x00b00590	TJ_AFHTTPRequestOperation
0x00b005cc	TJ_AFImageRequestOperation
0x00b005e0	TJJKArray
0x00b00608	TJJKDictionaryEnumerator
0x00b00630	TJJKDictionary
0x00b00658	TJJSONDecoder
0x00b00680	TJJKSerializer
0x00b006bc	YouMiWall
0x00b006d0	YouMiWallAppModel
0x00b0070c	YouMiSpot
0x00b00720	YouMiView
0x00b0075c	YouMiConfig
0x00b00784	libYouMi
0x00b00798	YMLTrackingData
0x00b007d4	YMLJSONDeserializer
0x00b007e8	YMLJSONSerializer
0x00b00810	YMLDataScanner
0x00b00838	YMLJSONScanner
0x00b00874	YMLJSONDataSerializer
0x00b00888	YMLReachability
0x00b008b0	YMLDeviceInfo
0x00b008ec	YMLAppInfo
0x00b00900	YMLOrderedOperationQueue
0x00b00928	YMLCache
0x00b00950	YMLGlobalTracking
0x00b0098c	YMLDataToolkit
0x00b009a0	YMLQuartzToolkit
0x00b009dc	YMLNetworkToolkit
0x00b00a04	YMLJSONToolkit
0x00b00a2c	YMLImageToolkit
0x00b00a54	YMLUtilToolkit
0x00b00a68	YMLDialogView
0x00b00a90	YMLFocusView
0x00b00ab8	YMLProgressView
0x00b00ae0	YMLSearchlightLabel
0x00b00b08	YMLUIView
0x00b00b30	YMLWebView
0x00b00b58	YMLWebViewInteractorInfo
0x00b00b80	YMLWebViewInteractorStorage
0x00b00ba8	YMLWebViewInteractorUtil
0x00b00bd0	YMDevConfiguration
0x00b00bf8	YMStoreKitHelper
0x00b00c34	YMADWebViewInfoExtension
0x00b00c5c	YMADWebView
0x00b00c70	YMRequestError
0x00b00c98	YMRequest
0x00b00cd4	YMRequestHandler
0x00b00ce8	YMADBannerRequestHandler
0x00b00d24	YMBannerURLConstructor
0x00b00d38	YMBannerURLInfo
0x00b00d60	YMADGlobalBannerManager
0x00b00d88	YMAdBannerData
0x00b00dc4	YMAdBannerAckData
0x00b00dec	YMAdBannerClickAckData
0x00b00e14	YMAdBannerDisplayAckData
0x00b00e28	YMAdBannerRequestData
0x00b00e50	YMADBanner
0x00b00e78	YMADBannerConfirmClickView
0x00b00eb4	YMADBannerInternal
0x00b00ea0	YMADBannerInternalBackground
0x00b00ef0	YMADWallWebView
0x00b00f18	YMWallURLInfo
0x00b00f54	YMWallURLConstructor
0x00b00f68	YMADWallUserAccountHandler
0x00b00f90	YMWallData
0x00b00fb8	YMWallPointsData
0x00b00fcc	YMPointsAccountRecord
0x00b01008	YMOnlineConfig
0x00b01030	YMLKeyValue
0x00b0106c	YMLFileToolkit
0x00b010a8	YMSpotManagerClassmate
0x00b01080	YMSpotManager
0x00b010d0	YMSpotView
0x00b010f8	YMSpotPointsLabel
0x00b01120	YMSpotViewInternal
0x00b01148	YMStateManager
0x00b01184	YMStateRequestHandler
0x00b011ac	YMStateURLConstructor
0x00b011c0	YMStateURLInfo
0x00b011e8	YMURIDetectData
0x00b01210	YMLImageWebView
0x00b01238	YMLOpenUDID
0x00b01274	YMLObjcClassToolkit
0x00b0129c	YouMiPointsManager
0x00b012b0	YMLPageControl
0x00b012ec	YMWallPointsManagerClassmate
0x00b012d8	YMWallPointsManager
0x00b01328	YMLTranslucencyView
0x00b01364	YMWallRequestHandler
0x00b01378	YMWallRequestData
0x00b013b4	YMErrorInfo
0x00b013c8	YMWallManager
0x00b01404	YMLWebContentPreloadClassMate
0x00b01418	YMLWebContentPreload
0x00b01440	YMLInterfaceErrorReporter
0x00b01468	YMLGCDAsyncReadPacket
0x00b01490	YMLGCDAsyncWritePacket
0x00b014b8	YMLGCDAsyncSpecialPacket
0x00b014e0	YMLGCDAsyncSocket
0x00b01508	YMLGCDAsyncUdpSendPacket
0x00b01530	YMLGCDAsyncUdpSpecialPacket
0x00b01558	YMLGCDAsyncUdpSocket
0x00b01580	YMLTCPSender
0x00b015a8	YMLUDPSender
0x00b015d0	YMLFrameworkLoader
0x00b015f8	UMANJob
0x00b01620	UMANWorker
0x00b01648	MobClick
0x00b01670	UMANLaunch
0x00b01698	UMANTerminate
0x00b016c0	UMANError
0x00b016e8	UMANBaseEvent
0x00b01710	UMANEvent
0x00b01738	UMANUtil
0x00b01760	MobClickInternal
0x00b0179c	UncaughtExceptionHandler
0x00b017b0	UMANEkv
0x00b017d8	MobClickOpenUDID
0x00b01800	MobClickSBJSON
0x00b01828	MobClickSBJsonBase
0x00b01864	MobClickSBJsonParser
0x00b0188c	MobClickSBJsonWriter
0x00b018a0	MAAdViewTextView
0x00b018c8	MACustomAdDesc
0x00b018f0	MAAdViewSchedule
0x00b01918	MAFormService
0x00b01940	MATaskRequestSpot
0x00b01968	MAEffectClickAction
0x00b01990	MATaskActive
0x00b019cc	MATokenCiper
0x00b019e0	MAStackGetCpaAdConf
0x00b01a08	MACustomAdBucket
0x00b01a30	MASpotImplView
0x00b01a58	MATaskAwardPoints
0x00b01a80	MAStackActive
0x00b01aa8	miidi_JKArray
0x00b01ad0	miidi_JKDictionaryEnumerator
0x00b01af8	miidi_JKDictionary
0x00b01b20	MAJSONDecoder
0x00b01b48	miidi_JKSerializer
0x00b01b70	MADeviceProfile
0x00b01b98	MASpotAdBucket
0x00b01bc0	MAStackGetForms
0x00b01be8	MATaskGetCpaAdConf
0x00b01c10	MAAdWallTaskRequestToggle
0x00b01c38	MAStrategyLogsCommit
0x00b01c60	MATipsView
0x00b01c88	MAArrayBucket
0x00b01cb0	MAAdWallTaskFeedback
0x00b01cd8	MAAdWallDetailViewController
0x00b01d00	MADeviceDetection
0x00b01d28	MiidiManager
0x00b01d50	MAGpsDetect
0x00b01d78	MiidiAdSpot
0x00b01da0	MiidiSdkProfile
0x00b01dc8	MATaskSpendPoints
0x00b01e04	MiidiAdWall
0x00b01e18	MACloseIconView
0x00b01e40	MAStackGetPoints
0x00b01e68	MAFormElementWebView
0x00b01e90	MANumerator
0x00b01eb8	MATaskGetPoints
0x00b01ee0	MAFormElementText
0x00b01f1c	MAAdActionMan
0x00b01f30	MATaskMgr
0x00b01f58	MA_CacheInfo
0x00b01f80	MA_MemoryCacheInfo
0x00b01fa8	MA_DiskCacheInfo
0x00b01fd0	MACacheManager
0x00b01ff8	MAEffectRequestUrl
0x00b02020	MAHttpResponseResult
0x00b02048	MAStackGetAppConf
0x00b02070	MAStackRequestAdSource
0x00b02098	MAAppInfo
0x00b020c0	MATaskCommitViewFormLogs
0x00b020e8	MAFormElement
0x00b02110	MAOpenUDID
0x00b02138	MAAdViewImplView
0x00b02160	MATaskRequestAdEffect
0x00b02188	MAAdViewWebView
0x00b021b0	MAAdWallAppListViewController
0x00b021d8	MATaskLoadCloseIcon
0x00b02200	MAAdWallStackRequestToggle
0x00b02228	MATaskRequestAdSource
0x00b02264	MAStack
0x00b0228c	MASpotAdMan
0x00b022a0	MiidiAdView
0x00b022c8	MAUtils
0x00b022f0	MATask
0x00b0232c	MAStrategyFactory
0x00b02340	MAResult
0x00b0237c	MAFormSizeDecide
0x00b02390	MAClientProfile
0x00b023cc	MATokenGen
0x00b023e0	MATaskInit
0x00b02408	MAWaitingView
0x00b02444	MAFormPolicy
0x00b02458	MATaskGetForms
0x00b02480	MATaskGetAppConf
0x00b024a8	MAWaitingWindow
0x00b024d0	MAAtomicInteger
0x00b0250c	MiidiAdDesc
0x00b02520	MAStrategyExpired
0x00b0255c	MAStrategy
0x00b02570	MAAdViewImageView
0x00b02598	MAFormElementImage
0x00b025c0	MAStackRequestSpot
0x00b025e8	MAKeychainItemWrapper
0x00b02610	MAAdWallTaskShowOffer
0x00b02638	MANetDetector
0x00b02660	MAStrategyLowerWater
0x00b0269c	MATools
0x00b026b0	MAStackCommitCFBundleIdentifiers
0x00b026d8	MAStackAwardPoint
0x00b02700	MAFormLogsBucket
0x00b0273c	MAHJsonService
0x00b02750	MAFormsBucket
0x00b02778	MASpotAdItem
0x00b027a0	MAAdWallFeedbackController
0x00b027c8	MAReachability
0x00b027f0	MACustomAdElement
0x00b02818	MAFormReport
0x00b02854	MAModelMan
0x00b02868	MASpotAdViewController
0x00b02890	MATaskCommitCFBundleIdentifiers
0x00b028b8	MAAdViewBaseView
0x00b028f4	MAPhoneUtils
0x00b02908	MAStackCommitViewFormLogs
0x00b02944	MATokenKey
0x00b02958	Flurry
0x00b02980	FlurryEvent
0x00b029a8	FlurryFileCache
0x00b029d0	FlurryHeartBeater
0x00b029f8	FlurryReachability
0x00b02a20	FlurryPageViewDelegate
0x00b02a48	FlurryProtocolData
0x00b02a70	FlurrySession
0x00b02a98	FlurryUtil
0x00b02ac0	FlurryConnectionDelegate
0x00b02ae8	FlurryHTTPResponse
0x00b02b10	FlurryAutoIncrement
0x00b02b38	FlurryNetworkUtil
0x00b02b60	FlurryHttpAsyncTask
0x00b02b88	FlurryDataSender
0x00b02bb0	FlurryDataSenderBlockInfo
0x00b02bd8	FlurryDataSenderIndex
0x00b02c00	FlurryImpl
0x00b02c28	FlurrySharedData
0x00b02c50	FlurryDataSenderBase
0x00b02c78	FlurryGlobalVariableStorage
0x00b02ca0	FlurryError
0x00b02cc8	FlurryKeychainWrapper
0x00b02cf0	FlurryPLCrashSignalHandler
0x00b02d18	FlurryPLCrashReporter
0x00b02d40	FlurryPLCrashReport
0x00b02d68	FlurryPLCrashReportSystemInfo
0x00b02d90	FlurryPLCrashReportApplicationInfo
0x00b02db8	FlurryPLCrashReportThreadInfo
0x00b02de0	FlurryPLCrashReportBinaryImageInfo
0x00b02e08	FlurryPLCrashReportExceptionInfo
0x00b02e30	FlurryPLCrashReportSignalInfo
0x00b02e58	FlurryPLCrashReportProcessInfo
0x00b02e80	FlurryPLCrashReportTextFormatter
0x00b02ea8	FlurryPLCrashReportProcessorInfo
0x00b02ed0	FlurryPLCrashReportMachineInfo
0x00b02ef8	FlurryPLCrashReportStackFrameInfo
0x00b02f20	FlurryPLCrashReportRegisterInfo
0x00b02f48	FlurryPLCrashReportSymbolInfo
0x00b02f70	FlurryPLCrashMachExceptionServer
0x00b02f98	FlurryPLCrashProcessInfo
0x00b02fc0	FlurryPLCrashHostInfo
0x00b02fe8	FlurryPLCrashMachExceptionPort
0x00b03010	FlurryPLCrashMachExceptionPortSet
0x00b03038	FlurryPLCrashReporterConfig
0x00b03074	FlurryPLCrashUncaughtExceptionHandler
0x00b03088	FlurryPLCrashReportMachExceptionInfo
