0x009C8B24	_NDR_record
0x009C8378	__DefaultRuneLocale
0x009CB2D4	__NSConcreteGlobalBlock
0x009CB428	__NSConcreteStackBlock
0x009CB950	__NSConcreteStackBlock
0x009CBA18	__NSConcreteStackBlock
0x009CBA78	__NSConcreteStackBlock
0x009CBA9C	__NSConcreteStackBlock
0x009CBAC0	__NSConcreteStackBlock
0x009CBAE4	__NSConcreteStackBlock
0x009CBB08	__NSConcreteStackBlock
0x009CBB2C	__NSConcreteStackBlock
0x009CBBC8	__NSConcreteStackBlock
0x009CBBEC	__NSConcreteStackBlock
0x009CBC10	__NSConcreteStackBlock
0x009CBC34	__NSConcreteStackBlock
0x009CBC58	__NSConcreteStackBlock
0x009CCE30	__NSConcreteStackBlock
0x009CD030	__NSConcreteStackBlock
0x009CD0F8	__NSConcreteStackBlock
0x009CD260	__NSConcreteStackBlock
0x009CD778	__NSConcreteStackBlock
0x009CDA04	__NSConcreteStackBlock
0x009CDA28	__NSConcreteStackBlock
0x009CDAF0	__NSConcreteStackBlock
0x009CDC38	__NSConcreteStackBlock
0x009CDD00	__NSConcreteStackBlock
0x009CDD24	__NSConcreteStackBlock
0x009CDD48	__NSConcreteStackBlock
0x009CDD88	__NSConcreteStackBlock
0x009CDEC8	__NSConcreteStackBlock
0x009CDEEC	__NSConcreteStackBlock
0x009CDF10	__NSConcreteStackBlock
0x009CE050	__NSConcreteStackBlock
0x009CE170	__NSConcreteStackBlock
0x009CE308	__NSConcreteStackBlock
0x009CE3A8	__NSConcreteStackBlock
0x009CE3CC	__NSConcreteStackBlock
0x009CE508	__NSConcreteStackBlock
0x009CE530	__NSConcreteStackBlock
0x009CE658	__NSConcreteStackBlock
0x009CEA60	__NSConcreteStackBlock
0x009CEA84	__NSConcreteStackBlock
0x009CEB28	__NSConcreteStackBlock
0x009CEBD4	__NSConcreteStackBlock
0x009CEBF8	__NSConcreteStackBlock
0x009CEDB8	__NSConcreteStackBlock
0x009CEDF8	__NSConcreteStackBlock
0x009CF330	__NSConcreteStackBlock
0x009CF3C4	__NSConcreteStackBlock
0x009CF440	__NSConcreteStackBlock
0x009CF464	__NSConcreteStackBlock
0x009CF9A8	__NSConcreteStackBlock
0x009CFA38	__NSConcreteStackBlock
0x009CFA5C	__NSConcreteStackBlock
0x009CFA80	__NSConcreteStackBlock
0x009CFAA4	__NSConcreteStackBlock
0x009CFAE0	__NSConcreteStackBlock
0x009CFB88	__NSConcreteStackBlock
0x009CFBC0	__NSConcreteStackBlock
0x009CFC68	__NSConcreteStackBlock
0x009CFC8C	__NSConcreteStackBlock
0x009CFCB0	__NSConcreteStackBlock
0x009CFDB8	__NSConcreteStackBlock
0x009CFDE0	__NSConcreteStackBlock
0x009CFE90	__NSConcreteStackBlock
0x009D13F8	__NSConcreteStackBlock
0x009D1698	__NSConcreteStackBlock
0x009D16BC	__NSConcreteStackBlock
0x009D16E0	__NSConcreteStackBlock
0x009D1A08	__NSConcreteStackBlock
0x009D1BA8	__NSConcreteStackBlock
0x009D1BD0	__NSConcreteStackBlock
0x009C858C	__NSConcreteStackBlock
0x009C8028	___stack_chk_guard
0x009C854C	___stderrp
0x009C85F8	__dispatch_main_q
0x009C8AB4	__dispatch_source_type_read
0x009C8AB8	__dispatch_source_type_timer
0x009C8ABC	__dispatch_source_type_write
0x009C8168	_in6addr_any
0x009C816C	_in6addr_loopback
0x009C85E8	_mach_task_self_
0x009C8B28	_vm_page_size
0x009C8014	dyld_stub_binder
0x009C8024	___objc_personality_v0
0x009C8738	_objc_msgSend
0x009C873C	_objc_msgSendSuper2
0x009C8B2C	_objc_retain
0x009C8674	_SKStoreProductParameterITunesItemIdentifier
0x009C8608	_kCNNetworkInfoKeyBSSID
0x009C860C	_kCNNetworkInfoKeySSID
0x009C88D8	_kSecAttrAccessGroup
0x009C812C	_kSecAttrAccessible
0x009C88EC	_kSecAttrAccessibleAfterFirstUnlock
0x009C8130	_kSecAttrAccessibleAlwaysThisDeviceOnly
0x009C8B00	_kSecAttrAccessibleWhenUnlocked
0x009C8134	_kSecAttrAccount
0x009C88DC	_kSecAttrDescription
0x009C88E0	_kSecAttrGeneric
0x009C8138	_kSecAttrLabel
0x009C813C	_kSecAttrService
0x009C8140	_kSecClass
0x009C8144	_kSecClassGenericPassword
0x009C8768	_kSecImportExportPassphrase
0x009C876C	_kSecImportItemCertChain
0x009C8770	_kSecImportItemIdentity
0x009C8774	_kSecImportItemTrust
0x009C86B0	_kSecMatchLimit
0x009C86B4	_kSecMatchLimitAll
0x009C86B8	_kSecMatchLimitOne
0x009C8148	_kSecReturnAttributes
0x009C814C	_kSecReturnData
0x009C8150	_kSecValueData
0x009C88A4	_NSCocoaErrorDomain
0x009C8600	_NSFileCreationDate
0x009C8778	_NSFileModificationDate
0x009C8720	_NSFilePosixPermissions
0x009C8728	_NSFileSize
0x009C866C	_NSFileSystemFreeSize
0x009C8670	_NSFileSystemSize
0x009C8A50	_NSFileType
0x009C8A54	_NSFileTypeDirectory
0x009C8050	_NSFoundationVersionNumber
0x009C83B0	_NSHTTPCookieDomain
0x009C83B4	_NSHTTPCookieName
0x009C83B8	_NSHTTPCookiePath
0x009C83BC	_NSHTTPCookieValue
0x009C8A20	_NSKeyValueChangeNewKey
0x009C8158	_NSLocalizedDescriptionKey
0x009C83F0	_NSLocalizedFailureReasonErrorKey
0x009C8934	_NSLocalizedRecoverySuggestionErrorKey
0x009C815C	_NSMachErrorDomain
0x009C8160	_NSOSStatusErrorDomain
0x009C8164	_NSPOSIXErrorDomain
0x009C8938	_NSStreamDataWrittenToMemoryStreamKey
0x009C8928	_NSStreamFileCurrentOffsetKey
0x009C8950	_NSURLAuthenticationMethodClientCertificate
0x009C83F4	_NSURLAuthenticationMethodDefault
0x009C8954	_NSURLAuthenticationMethodServerTrust
0x009C8910	_NSURLErrorDomain
0x009C891C	_NSURLErrorFailingURLErrorKey
0x009C83F8	_NSURLProtectionSpaceHTTPProxy
0x009C836C	_NSUnderlyingErrorKey
0x009C8900	_SLServiceTypeFacebook
0x009C8904	_SLServiceTypeSinaWeibo
0x009C8908	_SLServiceTypeTwitter
0x009C8750	_kCLLocationAccuracyBest
0x009C8448	_kUTTagClassFilenameExtension
0x009C844C	_kUTTagClassMIMEType
0x009C819C	_CGAffineTransformIdentity
0x009C804C	_CGPointZero
0x009C82C8	_CGRectZero
0x009C808C	_CGSizeZero
0x009C8030	_kEAGLColorFormatRGB565
0x009C8544	_kEAGLDrawablePropertyColorFormat
0x009C8548	_kEAGLDrawablePropertyRetainedBacking
0x009C8740	_CATransform3DIdentity
0x009C8970	_kCAFillModeForwards
0x009C8748	_kCAGravityResizeAspect
0x009C86F0	_kCAMediaTimingFunctionEaseInEaseOut
0x009C8974	_kCAMediaTimingFunctionLinear
0x009C874C	_kCATransactionDisableActions
0x009C8ADC	_kCATransitionFromBottom
0x009C8AE0	_kCATransitionFromLeft
0x009C8AE4	_kCATransitionFromRight
0x009C8AE8	_kCATransitionFromTop
0x009C8AEC	_kCATransitionPush
0x009C8978	_UIAccessibilityTraitStaticText
0x009C85BC	_UIApplicationDidBecomeActiveNotification
0x009C88FC	_UIApplicationDidChangeStatusBarFrameNotification
0x009C865C	_UIApplicationDidChangeStatusBarOrientationNotification
0x009C8604	_UIApplicationDidEnterBackgroundNotification
0x009C82A8	_UIApplicationDidFinishLaunchingNotification
0x009C86EC	_UIApplicationDidReceiveMemoryWarningNotification
0x009C8920	_UIApplicationLaunchOptionsRemoteNotificationKey
0x009C82AC	_UIApplicationWillEnterForegroundNotification
0x009C85C0	_UIApplicationWillResignActiveNotification
0x009C8610	_UIApplicationWillTerminateNotification
0x009C85F4	_UIBackgroundTaskInvalid
0x009C81A0	_UIDeviceOrientationDidChangeNotification
0x009C8744	_UIEdgeInsetsZero
0x009C8618	_UIImagePickerControllerOriginalImage
0x009C8660	_UIKeyboardAnimationDurationUserInfoKey
0x009C83D4	_UIKeyboardBoundsUserInfoKey
0x009C8230	_UIKeyboardDidHideNotification
0x009C8234	_UIKeyboardDidShowNotification
0x009C8664	_UIKeyboardFrameBeginUserInfoKey
0x009C8238	_UIKeyboardFrameEndUserInfoKey
0x009C8668	_UIKeyboardWillHideNotification
0x009C83C4	_UIKeyboardWillShowNotification
0x009C822C	_UILocalNotificationDefaultSoundName
0x009C8614	_UIScrollViewDecelerationRateFast
0x009C8280	_UITextViewTextDidChangeNotification
0x009C8384	_UIWindowLevelNormal
0x009C89B8	_UIWindowLevelStatusBar
0x009C855C	_AVAudioSessionCategoryAmbient
0x009C8560	_AVAudioSessionCategoryPlayAndRecord
0x009C8564	_AVAudioSessionCategoryPlayback
0x009C8568	_AVAudioSessionCategorySoloAmbient
0x009C83FC	_kCFErrorDomainCFNetwork
0x009C8400	_kCFHTTPAuthenticationAccountDomain
0x009C8404	_kCFHTTPAuthenticationPassword
0x009C83E4	_kCFHTTPAuthenticationSchemeBasic
0x009C83E8	_kCFHTTPAuthenticationSchemeNTLM
0x009C8408	_kCFHTTPAuthenticationUsername
0x009C840C	_kCFHTTPVersion1_0
0x009C8410	_kCFHTTPVersion1_1
0x009C8414	_kCFProxyAutoConfigurationURLKey
0x009C8418	_kCFProxyHostNameKey
0x009C841C	_kCFProxyPortNumberKey
0x009C86BC	_kCFProxyTypeHTTP
0x009C86C0	_kCFProxyTypeKey
0x009C86C4	_kCFProxyTypeSOCKS
0x009C8420	_kCFStreamErrorDomainHTTP
0x009C8170	_kCFStreamErrorDomainMach
0x009C8174	_kCFStreamErrorDomainNetDB
0x009C8178	_kCFStreamErrorDomainNetServices
0x009C8184	_kCFStreamErrorDomainSystemConfiguration
0x009C8AC0	_kCFStreamNetworkServiceType
0x009C8AC4	_kCFStreamNetworkServiceTypeVoIP
0x009C8424	_kCFStreamPropertyHTTPAttemptPersistentConnection
0x009C8428	_kCFStreamPropertyHTTPProxy
0x009C842C	_kCFStreamPropertyHTTPProxyHost
0x009C8430	_kCFStreamPropertyHTTPProxyPort
0x009C8434	_kCFStreamPropertyHTTPRequestBytesWrittenCount
0x009C8438	_kCFStreamPropertyHTTPResponseHeader
0x009C843C	_kCFStreamPropertyHTTPSProxyHost
0x009C8440	_kCFStreamPropertyHTTPSProxyPort
0x009C8188	_kCFStreamPropertySSLSettings
0x009C86D4	_kCFStreamSSLAllowsAnyRoot
0x009C86D8	_kCFStreamSSLAllowsExpiredCertificates
0x009C86DC	_kCFStreamSSLCertificates
0x009C86E0	_kCFStreamSSLPeerName
0x009C8444	_kCFStreamSSLValidatesCertificateChain
0x009C8450	_MPMediaPlaybackIsPreparedToPlayDidChangeNotification
0x009C8924	_MPMovieDurationAvailableNotification
0x009C86F4	_MPMoviePlayerContentPreloadDidFinishNotification
0x009C88C8	_MPMoviePlayerDidEnterFullscreenNotification
0x009C86F8	_MPMoviePlayerDidExitFullscreenNotification
0x009C86FC	_MPMoviePlayerLoadStateDidChangeNotification
0x009C8454	_MPMoviePlayerPlaybackDidFinishNotification
0x009C88CC	_MPMoviePlayerPlaybackDidFinishReasonUserInfoKey
0x009C8458	_MPMoviePlayerPlaybackStateDidChangeNotification
0x009C8918	_MPMoviePlayerScalingModeDidChangeNotification
0x009C8700	_MPMoviePlayerWillEnterFullscreenNotification
0x009C8704	_MPMoviePlayerWillExitFullscreenNotification
0x009C861C	__ZNSt8ios_base4InitD1Ev
0x009CB51C	__ZTVN10__cxxabiv120__si_class_type_infoE
0x009CB528	__ZdlPv
0x009CB534	__ZdlPv
0x009CB540	__ZdlPv
0x009CB54C	__ZdlPv
0x009CB560	__ZdlPv
0x009CB80C	__ZdlPv
0x009CB818	__ZdlPv
0x009CB824	__ZdlPv
0x009CB830	__ZdlPv
0x009CB848	__ZdlPv
0x009CB854	__ZdlPv
0x009CB860	__ZdlPv
0x009CB86C	__ZdlPv
0x009CB878	__ZdlPv
0x009CB884	__ZdlPv
0x009CB890	__ZdlPv
0x009CB89C	__ZdlPv
0x009CB8A8	__ZdlPv
0x009CB8B4	__ZdlPv
0x009CB8C0	__ZdlPv
0x009CB8CC	__ZdlPv
0x009CB8D8	__ZdlPv
0x009CB8E4	__ZdlPv
0x009CB8F0	__ZdlPv
0x009CB8FC	__ZdlPv
0x009CB908	__ZdlPv
0x009C8048	___gxx_personality_sj0
0x009C80CC	_NSDefaultRunLoopMode
0x009C8590	_NSGenericException
0x009C839C	_NSGregorianCalendar
0x009C8154	_NSInternalInconsistencyException
0x009C8198	_NSInvalidArgumentException
0x009C8054	_NSLocaleCountryCode
0x009C8708	_NSLocaleCurrencyCode
0x009C890C	_NSLocaleLanguageCode
0x009C82B4	_NSMallocException
0x009C82B8	_NSRangeException
0x009C8110	_NSRunLoopCommonModes
0x009C82A4	_kCFAbsoluteTimeIntervalSince1970
0x009C8088	_kCFAllocatorDefault
0x009C82C0	_kCFBooleanFalse
0x009C8128	_kCFBooleanTrue
0x009C892C	_kCFBundleExecutableKey
0x009C8930	_kCFBundleIdentifierKey
0x009C82B0	_kCFBundleNameKey
0x009C8298	_kCFBundleVersionKey
0x009C82C4	_kCFNull
0x009C875C	_kCFNumberNaN
0x009C877C	_kCFRunLoopCommonModes
0x009C8194	_kCFRunLoopDefaultMode
0x009C817C	_kCFStreamErrorDomainSOCKS
0x009C8180	_kCFStreamErrorDomainSSL
0x009C86C8	_kCFStreamPropertySOCKSProxy
0x009C86CC	_kCFStreamPropertySOCKSProxyHost
0x009C86D0	_kCFStreamPropertySOCKSProxyPort
0x009C818C	_kCFStreamPropertyShouldCloseNativeSocket
0x009C8190	_kCFStreamPropertySocketNativeHandle
0x009C83A8	_kCFTypeArrayCallBacks
0x009C8584	_kCFTypeDictionaryKeyCallBacks
0x009C8588	_kCFTypeDictionaryValueCallBacks
