0x00883e50	_compress2
0x00883e60	_crc32
0x00883e70	_deflate
0x00883e80	_deflateEnd
0x00883e90	_deflateInit2_
0x00883ea0	_deflateInit_
0x00883eb0	_get_crc_table
0x00883ec0	_gzclose
0x00883ed0	_gzopen
0x00883ee0	_gzread
0x00883ef0	_inflate
0x00883f00	_inflateEnd
0x00883f10	_inflateInit2_
0x00883f20	_inflateInit_
0x00883f30	_uncompress
0x00883f40	_CCCrypt
0x00883f50	_CCHmac
0x00883f60	_CC_MD5
0x00883f70	_CC_MD5_Final
0x00883f80	_CC_MD5_Init
0x00883f90	_CC_MD5_Update
0x00883fa0	_CC_SHA1
0x00883fb0	_CC_SHA1_Final
0x00883fc0	_CC_SHA1_Init
0x00883fd0	_CC_SHA1_Update
0x00883fe0	_CC_SHA256
0x00883ff0	_OSAtomicAdd32Barrier
0x00884000	_OSAtomicCompareAndSwap32Barrier
0x00884010	_OSAtomicCompareAndSwapPtrBarrier
0x00884020	_OSMemoryBarrier
0x00884030	_OSMemoryNotificationCurrentLevel
0x00884040	_OSSpinLockLock
0x00884050	_OSSpinLockUnlock
0x00884060	__Block_copy
0x00884070	__Block_object_assign
0x00884080	__Block_object_dispose
0x00884090	__NSGetExecutablePath
0x008840a0	___assert_rtn
0x008840b0	___cxa_atexit
0x008840c0	___error
0x008840d0	___maskrune
0x008840e0	___memcpy_chk
0x008840f0	___memmove_chk
0x00884100	___memset_chk
0x00884110	___snprintf_chk
0x00884120	___sprintf_chk
0x00884130	___stack_chk_fail
0x00884140	___strcat_chk
0x00884150	___strcpy_chk
0x00884160	___tolower
0x00884170	___vsnprintf_chk
0x00884180	__dyld_get_image_header
0x00884190	__dyld_get_image_name
0x008841a0	__dyld_image_count
0x008841b0	__dyld_register_func_for_add_image
0x008841c0	__dyld_register_func_for_remove_image
0x008841d0	_abort
0x008841e0	_accept
0x008841f0	_acosf
0x00884200	_arc4random
0x00884210	_asinf
0x00884220	_atan
0x00884230	_atan2f
0x00884240	_atanf
0x00884250	_atof
0x00884260	_backtrace
0x00884270	_backtrace_symbols
0x00884280	_basename
0x00884290	_bcopy
0x008842a0	_bind
0x008842b0	_bsearch
0x008842c0	_calloc
0x008842d0	_ceil
0x008842e0	_ceilf
0x008842f0	_close
0x00884300	_connect
0x00884310	_cos
0x00884320	_cosf
0x00884330	_dispatch_after
0x00884340	_dispatch_async
0x00884350	_dispatch_get_current_queue
0x00884360	_dispatch_get_global_queue
0x00884370	_dispatch_group_async
0x00884380	_dispatch_group_create
0x00884390	_dispatch_group_enter
0x008843a0	_dispatch_group_leave
0x008843b0	_dispatch_group_notify
0x008843c0	_dispatch_once
0x008843d0	_dispatch_queue_create
0x008843e0	_dispatch_release
0x008843f0	_dispatch_resume
0x00884400	_dispatch_retain
0x00884410	_dispatch_semaphore_create
0x00884420	_dispatch_semaphore_signal
0x00884430	_dispatch_semaphore_wait
0x00884440	_dispatch_source_cancel
0x00884450	_dispatch_source_create
0x00884460	_dispatch_source_get_data
0x00884470	_dispatch_source_set_cancel_handler
0x00884480	_dispatch_source_set_event_handler
0x00884490	_dispatch_source_set_timer
0x008844a0	_dispatch_suspend
0x008844b0	_dispatch_sync
0x008844c0	_dispatch_time
0x008844d0	_dladdr
0x008844e0	_dlopen
0x008844f0	_dlsym
0x00884500	_exception_raise
0x00884510	_exception_raise_state
0x00884520	_exception_raise_state_identity
0x00884530	_exit
0x00884540	_exp2f
0x00884550	_expf
0x00884560	_fclose
0x00884570	_fcntl
0x00884580	_fdopen
0x00884590	_feof
0x008845a0	_ferror
0x008845b0	_floor
0x008845c0	_floorf
0x008845d0	_fmax
0x008845e0	_fmaxf
0x008845f0	_fminf
0x00884600	_fmodf
0x00884610	_fopen
0x00884620	_fprintf
0x00884630	_fread
0x00884640	_free
0x00884650	_freeaddrinfo
0x00884660	_freeifaddrs
0x00884670	_fseek
0x00884680	_ftell
0x00884690	_fwrite
0x008846a0	_gai_strerror
0x008846b0	_getaddrinfo
0x008846c0	_getgid
0x008846d0	_gethostbyname
0x008846e0	_getifaddrs
0x008846f0	_getpeername
0x00884700	_getpid
0x00884710	_getppid
0x00884720	_getprogname
0x00884730	_getsockname
0x00884740	_gettimeofday
0x00884750	_host_page_size
0x00884760	_host_statistics
0x00884770	_if_nametoindex
0x00884780	_inet_ntoa
0x00884790	_inet_ntop
0x008847a0	_inet_pton
0x008847b0	_ioctl
0x008847c0	_isspace
0x008847d0	_kill
0x008847e0	_listen
0x008847f0	_logf
0x00884800	_lround
0x00884810	_mach_absolute_time
0x00884820	_mach_error_string
0x00884830	_mach_host_self
0x00884840	_mach_make_memory_entry_64
0x00884850	_mach_msg
0x00884860	_mach_port_allocate
0x00884870	_mach_port_deallocate
0x00884880	_mach_port_insert_right
0x00884890	_mach_port_mod_refs
0x008848a0	_mach_port_move_member
0x008848b0	_mach_port_request_notification
0x008848c0	_mach_thread_self
0x008848d0	_mach_timebase_info
0x008848e0	_malloc
0x008848f0	_memchr
0x00884900	_memcmp
0x00884910	_memcpy
0x00884920	_memmove
0x00884930	_memset
0x00884940	_mkstemp
0x00884950	_open
0x00884960	_perror
0x00884970	_poll
0x00884980	_pow
0x00884990	_powf
0x008849a0	_printf
0x008849b0	_pthread_attr_destroy
0x008849c0	_pthread_attr_init
0x008849d0	_pthread_attr_setdetachstate
0x008849e0	_pthread_cond_destroy
0x008849f0	_pthread_cond_init
0x00884a00	_pthread_cond_signal
0x00884a10	_pthread_cond_wait
0x00884a20	_pthread_create
0x00884a30	_pthread_join
0x00884a40	_pthread_mach_thread_np
0x00884a50	_pthread_main_np
0x00884a60	_pthread_mutex_destroy
0x00884a70	_pthread_mutex_init
0x00884a80	_pthread_mutex_lock
0x00884a90	_pthread_mutex_unlock
0x00884aa0	_putchar
0x00884ab0	_puts
0x00884ac0	_qsort
0x00884ad0	_raise
0x00884ae0	_rand
0x00884af0	_random
0x00884b00	_read
0x00884b10	_realloc
0x00884b20	_reallocf
0x00884b30	_recvfrom
0x00884b40	_roundf
0x00884b50	_send
0x00884b60	_sendto
0x00884b70	_setsockopt
0x00884b80	_setxattr
0x00884b90	_sigaction
0x00884ba0	_sigaltstack
0x00884bb0	_signal
0x00884bc0	_sin
0x00884bd0	_sinf
0x00884be0	_sleep
0x00884bf0	_socket
0x00884c00	_srand
0x00884c10	_srandom
0x00884c20	_sscanf
0x00884c30	_stat
0x00884c40	_statfs
0x00884c50	_strchr
0x00884c60	_strcmp
0x00884c70	_strcpy
0x00884c80	_strcspn
0x00884c90	_strdup
0x00884ca0	_strerror
0x00884cb0	_strlen
0x00884cc0	_strncmp
0x00884cd0	_strncpy
0x00884ce0	_strnstr
0x00884cf0	_strpbrk
0x00884d00	_strsignal
0x00884d10	_strstr
0x00884d20	_strtod
0x00884d30	_strtol
0x00884d40	_strtoll
0x00884d50	_strtoul
0x00884d60	_strtoull
0x00884d70	_sysctl
0x00884d80	_sysctlbyname
0x00884d90	_system
0x00884da0	_tanf
0x00884db0	_task_get_exception_ports
0x00884dc0	_task_info
0x00884dd0	_task_swap_exception_ports
0x00884de0	_task_threads
0x00884df0	_thread_get_exception_ports
0x00884e00	_thread_get_state
0x00884e10	_thread_info
0x00884e20	_thread_resume
0x00884e30	_thread_suspend
0x00884e40	_thread_swap_exception_ports
0x00884e50	_time
0x00884e60	_uname
0x00884e70	_unlink
0x00884e80	_usleep
0x00884e90	_utimes
0x00884ea0	_vm_allocate
0x00884eb0	_vm_deallocate
0x00884ec0	_vm_map
0x00884ed0	_vm_protect
0x00884ee0	_vm_read_overwrite
0x00884ef0	_vsnprintf
0x00884f00	_write
0x00884f10	_class_addMethod
0x00884f20	_class_copyIvarList
0x00884f30	_class_copyMethodList
0x00884f40	_class_getClassMethod
0x00884f50	_class_getInstanceMethod
0x00884f60	_class_getInstanceSize
0x00884f70	_class_getInstanceVariable
0x00884f80	_class_getIvarLayout
0x00884f90	_class_getName
0x00884fa0	_class_getProperty
0x00884fb0	_class_getSuperclass
0x00884fc0	_class_replaceMethod
0x00884fd0	_ivar_getName
0x00884fe0	_ivar_getOffset
0x00884ff0	_method_getImplementation
0x00885000	_method_getName
0x00885010	_method_getTypeEncoding
0x00885020	_objc_autorelease
0x00885030	_objc_autoreleasePoolPop
0x00885040	_objc_autoreleasePoolPush
0x00885050	_objc_autoreleaseReturnValue
0x00885060	_objc_begin_catch
0x00885070	_objc_copyStruct
0x00885080	_objc_destroyWeak
0x00885090	_objc_end_catch
0x008850a0	_objc_enumerationMutation
0x008850b0	_objc_exception_rethrow
0x008850c0	_objc_exception_throw
0x008850d0	_objc_getAssociatedObject
0x008850e0	_objc_getClass
0x008850f0	_objc_getClassList
0x00885100	_objc_getMetaClass
0x00885110	_objc_getProperty
0x00885120	_objc_loadWeak
0x00885130	_objc_loadWeakRetained
0x00885140	_objc_lookUpClass
0x00885150	_objc_msgSend
0x00885160	_objc_msgSendSuper2
0x00885170	_objc_msgSendSuper2_stret
0x00885180	_objc_msgSend_stret
0x00885190	_objc_release
0x008851a0	_objc_removeAssociatedObjects
0x008851b0	_objc_retain
0x008851c0	_objc_retainAutorelease
0x008851d0	_objc_retainAutoreleaseReturnValue
0x008851e0	_objc_retainAutoreleasedReturnValue
0x008851f0	_objc_retainBlock
0x00885200	_objc_setAssociatedObject
0x00885210	_objc_setProperty
0x00885220	_objc_storeStrong
0x00885230	_objc_storeWeak
0x00885240	_objc_sync_enter
0x00885250	_objc_sync_exit
0x00885260	_objc_terminate
0x00885270	_object_getClass
0x00885280	_object_setClass
0x00885290	_object_setIvar
0x008852a0	_protocol_getMethodDescription
0x008852b0	_sel_getName
0x008852c0	_sel_registerName
0x008852d0	_CNCopyCurrentNetworkInfo
0x008852e0	_CNCopySupportedInterfaces
0x008852f0	_SCNetworkReachabilityCreateWithAddress
0x00885300	_SCNetworkReachabilityCreateWithName
0x00885310	_SCNetworkReachabilityGetFlags
0x00885320	_SCNetworkReachabilityScheduleWithRunLoop
0x00885330	_SCNetworkReachabilitySetCallback
0x00885340	_SCNetworkReachabilityUnscheduleFromRunLoop
0x00885350	_SecCertificateCreateWithData
0x00885360	_SecIdentityCopyPrivateKey
0x00885370	_SecItemAdd
0x00885380	_SecItemCopyMatching
0x00885390	_SecItemDelete
0x008853a0	_SecItemUpdate
0x008853b0	_SecKeyDecrypt
0x008853c0	_SecKeyEncrypt
0x008853d0	_SecKeyGetBlockSize
0x008853e0	_SecPKCS12Import
0x008853f0	_SecPolicyCreateBasicX509
0x00885400	_SecTrustCopyPublicKey
0x00885410	_SecTrustCreateWithCertificates
0x00885420	_SecTrustEvaluate
0x00885430	_SecTrustSetAnchorCertificates
0x00885440	_NSAllocateObject
0x00885450	_NSClassFromString
0x00885460	_NSCopyObject
0x00885470	_NSDefaultMallocZone
0x00885480	_NSGetUncaughtExceptionHandler
0x00885490	_NSHomeDirectory
0x008854a0	_NSIntersectionRange
0x008854b0	_NSLog
0x008854c0	_NSLogv
0x008854d0	_NSSearchPathForDirectoriesInDomains
0x008854e0	_NSSelectorFromString
0x008854f0	_NSSetUncaughtExceptionHandler
0x00885500	_NSStringFromClass
0x00885510	_NSStringFromProtocol
0x00885520	_NSStringFromSelector
0x00885530	_NSTemporaryDirectory
0x00885540	_NSUnionRange
0x00885550	_NSZoneMalloc
0x00885560	_sqlite3_bind_blob
0x00885570	_sqlite3_bind_double
0x00885580	_sqlite3_bind_text
0x00885590	_sqlite3_close
0x008855a0	_sqlite3_column_blob
0x008855b0	_sqlite3_column_bytes
0x008855c0	_sqlite3_column_double
0x008855d0	_sqlite3_column_int
0x008855e0	_sqlite3_column_text
0x008855f0	_sqlite3_exec
0x00885600	_sqlite3_finalize
0x00885610	_sqlite3_last_insert_rowid
0x00885620	_sqlite3_open
0x00885630	_sqlite3_prepare_v2
0x00885640	_sqlite3_step
0x00885650	__ZN12byte_array_t10reset_sizeEj
0x00885660	__ZN12byte_array_t11read_uint32ERj
0x00885670	__ZN12byte_array_t12write_uint32Ej
0x00885680	__ZN12byte_array_t10write_int8Ea
0x00885690	__ZNSt12_Vector_baseI10qa_class_tSaIS0_EE11_M_allocateEm
0x008856a0	__ZNSt12_Vector_baseI4qa_tSaIS0_EE11_M_allocateEm
0x008856b0	__ZNSt12_Vector_baseI5pic_tSaIS0_EE11_M_allocateEm
0x008856c0	__ZNSt12_Vector_baseI7fbmsg_tSaIS0_EE11_M_allocateEm
0x008856d0	__ZNSt12_Vector_baseI7phone_tSaIS0_EE11_M_allocateEm
0x008856e0	__ZNSt12_Vector_baseI8fbuser_tSaIS0_EE11_M_allocateEm
0x008856f0	__ZNSt15__copy_backwardILb0ESt26random_access_iterator_tagE8__copy_bIP10qa_class_tS4_EET0_T_S6_S5_
0x00885700	__ZNSt15__copy_backwardILb0ESt26random_access_iterator_tagE8__copy_bIP4qa_tS4_EET0_T_S6_S5_
0x00885710	__ZNSt15__copy_backwardILb0ESt26random_access_iterator_tagE8__copy_bIP5pic_tS4_EET0_T_S6_S5_
0x00885720	__ZNSt15__copy_backwardILb0ESt26random_access_iterator_tagE8__copy_bIP7fbmsg_tS4_EET0_T_S6_S5_
0x00885730	__ZNSt15__copy_backwardILb0ESt26random_access_iterator_tagE8__copy_bIP7phone_tS4_EET0_T_S6_S5_
0x00885740	__ZNSt15__copy_backwardILb0ESt26random_access_iterator_tagE8__copy_bIP8fbuser_tS4_EET0_T_S6_S5_
0x00885750	__ZNSt6vectorI10qa_class_tSaIS0_EE13_M_insert_auxEN9__gnu_cxx17__normal_iteratorIPS0_S2_EERKS0_
0x00885760	__ZNSt6vectorI10qa_class_tSaIS0_EE15_M_erase_at_endEPS0_
0x00885770	__ZNSt6vectorI10qa_class_tSaIS0_EE9push_backERKS0_
0x00885780	__ZNSt6vectorI10qa_class_tSaIS0_EED2Ev
0x00885790	__ZNSt6vectorI4qa_tSaIS0_EE13_M_insert_auxEN9__gnu_cxx17__normal_iteratorIPS0_S2_EERKS0_
0x008857a0	__ZNSt6vectorI4qa_tSaIS0_EE15_M_erase_at_endEPS0_
0x008857b0	__ZNSt6vectorI4qa_tSaIS0_EE9push_backERKS0_
0x008857c0	__ZNSt6vectorI4qa_tSaIS0_EED2Ev
0x008857d0	__ZNSt6vectorI5pic_tSaIS0_EE13_M_insert_auxEN9__gnu_cxx17__normal_iteratorIPS0_S2_EERKS0_
0x008857e0	__ZNSt6vectorI5pic_tSaIS0_EE15_M_erase_at_endEPS0_
0x008857f0	__ZNSt6vectorI5pic_tSaIS0_EE9push_backERKS0_
0x00885800	__ZNSt6vectorI5pic_tSaIS0_EED2Ev
0x00885810	__ZNSt6vectorI7fbmsg_tSaIS0_EE13_M_insert_auxEN9__gnu_cxx17__normal_iteratorIPS0_S2_EERKS0_
0x00885820	__ZNSt6vectorI7fbmsg_tSaIS0_EE15_M_erase_at_endEPS0_
0x00885830	__ZNSt6vectorI7fbmsg_tSaIS0_EE9push_backERKS0_
0x00885840	__ZNSt6vectorI7fbmsg_tSaIS0_EED2Ev
0x00885850	__ZNSt6vectorI7phone_tSaIS0_EE13_M_insert_auxEN9__gnu_cxx17__normal_iteratorIPS0_S2_EERKS0_
0x00885860	__ZNSt6vectorI7phone_tSaIS0_EE9push_backERKS0_
0x00885870	__ZNSt6vectorI7phone_tSaIS0_EED2Ev
0x00885880	__ZNSt6vectorI8fbuser_tSaIS0_EE13_M_insert_auxEN9__gnu_cxx17__normal_iteratorIPS0_S2_EERKS0_
0x00885890	__ZNSt6vectorI8fbuser_tSaIS0_EE15_M_erase_at_endEPS0_
0x008858a0	__ZNSt6vectorI8fbuser_tSaIS0_EE9push_backERKS0_
0x008858b0	__ZNSt6vectorI8fbuser_tSaIS0_EED2Ev
0x008858c0	_UTTypeCopyPreferredTagWithClass
0x008858d0	_UTTypeCreatePreferredIdentifierForTag
0x008858e0	_CGAffineTransformConcat
0x008858f0	_CGAffineTransformInvert
0x00885900	_CGAffineTransformMakeRotation
0x00885910	_CGAffineTransformMakeScale
0x00885920	_CGAffineTransformRotate
0x00885930	_CGAffineTransformScale
0x00885940	_CGAffineTransformTranslate
0x00885950	_CGBitmapContextCreate
0x00885960	_CGBitmapContextCreateImage
0x00885970	_CGColorCreate
0x00885980	_CGColorGetAlpha
0x00885990	_CGColorGetColorSpace
0x008859a0	_CGColorGetComponents
0x008859b0	_CGColorGetNumberOfComponents
0x008859c0	_CGColorRelease
0x008859d0	_CGColorRetain
0x008859e0	_CGColorSpaceCreateDeviceGray
0x008859f0	_CGColorSpaceCreateDeviceRGB
0x00885a00	_CGColorSpaceGetModel
0x00885a10	_CGColorSpaceRelease
0x00885a20	_CGContextAddArc
0x00885a30	_CGContextAddArcToPoint
0x00885a40	_CGContextAddLineToPoint
0x00885a50	_CGContextAddPath
0x00885a60	_CGContextAddRect
0x00885a70	_CGContextBeginPath
0x00885a80	_CGContextClearRect
0x00885a90	_CGContextClip
0x00885aa0	_CGContextClipToMask
0x00885ab0	_CGContextClipToRect
0x00885ac0	_CGContextClosePath
0x00885ad0	_CGContextDrawImage
0x00885ae0	_CGContextDrawLinearGradient
0x00885af0	_CGContextDrawPath
0x00885b00	_CGContextDrawRadialGradient
0x00885b10	_CGContextEOClip
0x00885b20	_CGContextEOFillPath
0x00885b30	_CGContextFillEllipseInRect
0x00885b40	_CGContextFillPath
0x00885b50	_CGContextFillRect
0x00885b60	_CGContextMoveToPoint
0x00885b70	_CGContextRelease
0x00885b80	_CGContextRestoreGState
0x00885b90	_CGContextRotateCTM
0x00885ba0	_CGContextSaveGState
0x00885bb0	_CGContextScaleCTM
0x00885bc0	_CGContextSetFillColor
0x00885bd0	_CGContextSetFillColorWithColor
0x00885be0	_CGContextSetFont
0x00885bf0	_CGContextSetFontSize
0x00885c00	_CGContextSetGrayFillColor
0x00885c10	_CGContextSetLineWidth
0x00885c20	_CGContextSetRGBFillColor
0x00885c30	_CGContextSetRGBStrokeColor
0x00885c40	_CGContextSetShadowWithColor
0x00885c50	_CGContextSetStrokeColor
0x00885c60	_CGContextSetStrokeColorSpace
0x00885c70	_CGContextSetStrokeColorWithColor
0x00885c80	_CGContextSetTextDrawingMode
0x00885c90	_CGContextSetTextMatrix
0x00885ca0	_CGContextShowGlyphsAtPoint
0x00885cb0	_CGContextStrokeEllipseInRect
0x00885cc0	_CGContextStrokeLineSegments
0x00885cd0	_CGContextStrokePath
0x00885ce0	_CGContextStrokeRect
0x00885cf0	_CGContextTranslateCTM
0x00885d00	_CGDataProviderCreateWithData
0x00885d10	_CGDataProviderCreateWithURL
0x00885d20	_CGDataProviderRelease
0x00885d30	_CGFontCopyTableForTag
0x00885d40	_CGFontCreateWithDataProvider
0x00885d50	_CGFontCreateWithFontName
0x00885d60	_CGFontGetAscent
0x00885d70	_CGFontGetCapHeight
0x00885d80	_CGFontGetDescent
0x00885d90	_CGFontGetGlyphAdvances
0x00885da0	_CGFontGetUnitsPerEm
0x00885db0	_CGFontGetXHeight
0x00885dc0	_CGFontRelease
0x00885dd0	_CGFontRetain
0x00885de0	_CGGradientCreateWithColorComponents
0x00885df0	_CGGradientCreateWithColors
0x00885e00	_CGGradientRelease
0x00885e10	_CGImageCreate
0x00885e20	_CGImageCreateWithMask
0x00885e30	_CGImageGetAlphaInfo
0x00885e40	_CGImageGetBitmapInfo
0x00885e50	_CGImageGetBitsPerComponent
0x00885e60	_CGImageGetBytesPerRow
0x00885e70	_CGImageGetColorSpace
0x00885e80	_CGImageGetHeight
0x00885e90	_CGImageGetWidth
0x00885ea0	_CGImageRelease
0x00885eb0	_CGPathAddArc
0x00885ec0	_CGPathAddArcToPoint
0x00885ed0	_CGPathAddCurveToPoint
0x00885ee0	_CGPathAddEllipseInRect
0x00885ef0	_CGPathAddLineToPoint
0x00885f00	_CGPathAddPath
0x00885f10	_CGPathAddQuadCurveToPoint
0x00885f20	_CGPathAddRect
0x00885f30	_CGPathCloseSubpath
0x00885f40	_CGPathCreateMutable
0x00885f50	_CGPathMoveToPoint
0x00885f60	_CGPathRelease
0x00885f70	_CGRectApplyAffineTransform
0x00885f80	_CGRectContainsPoint
0x00885f90	_CGRectContainsRect
0x00885fa0	_CGRectEqualToRect
0x00885fb0	_CGRectGetHeight
0x00885fc0	_CGRectGetMaxX
0x00885fd0	_CGRectGetMaxY
0x00885fe0	_CGRectGetMidX
0x00885ff0	_CGRectGetMidY
0x00886000	_CGRectGetMinX
0x00886010	_CGRectGetMinY
0x00886020	_CGRectGetWidth
0x00886030	_CGRectInset
0x00886040	_CGRectIntegral
0x00886050	_CGRectIntersection
0x00886060	_CGRectIntersectsRect
0x00886070	_CGRectIsNull
0x00886080	_CGRectOffset
0x00886090	_glAlphaFunc
0x008860a0	_glBindBuffer
0x008860b0	_glBindFramebufferOES
0x008860c0	_glBindRenderbufferOES
0x008860d0	_glBindTexture
0x008860e0	_glBlendFunc
0x008860f0	_glBufferData
0x00886100	_glBufferSubData
0x00886110	_glCheckFramebufferStatusOES
0x00886120	_glClear
0x00886130	_glClearColor
0x00886140	_glClearDepthf
0x00886150	_glClipPlanef
0x00886160	_glColor4f
0x00886170	_glColor4ub
0x00886180	_glColorMask
0x00886190	_glColorPointer
0x008861a0	_glCompressedTexImage2D
0x008861b0	_glDeleteBuffers
0x008861c0	_glDeleteFramebuffersOES
0x008861d0	_glDeleteRenderbuffersOES
0x008861e0	_glDeleteTextures
0x008861f0	_glDepthFunc
0x00886200	_glDisable
0x00886210	_glDisableClientState
0x00886220	_glDiscardFramebufferEXT
0x00886230	_glDrawArrays
0x00886240	_glDrawElements
0x00886250	_glEnable
0x00886260	_glEnableClientState
0x00886270	_glFramebufferRenderbufferOES
0x00886280	_glFramebufferTexture2DOES
0x00886290	_glFrustumf
0x008862a0	_glGenBuffers
0x008862b0	_glGenFramebuffersOES
0x008862c0	_glGenRenderbuffersOES
0x008862d0	_glGenTextures
0x008862e0	_glGenerateMipmapOES
0x008862f0	_glGetError
0x00886300	_glGetFloatv
0x00886310	_glGetIntegerv
0x00886320	_glGetRenderbufferParameterivOES
0x00886330	_glGetString
0x00886340	_glLineWidth
0x00886350	_glLoadIdentity
0x00886360	_glMatrixMode
0x00886370	_glMultMatrixf
0x00886380	_glOrthof
0x00886390	_glPixelStorei
0x008863a0	_glPointSizePointerOES
0x008863b0	_glPopMatrix
0x008863c0	_glPushMatrix
0x008863d0	_glReadPixels
0x008863e0	_glRenderbufferStorageMultisampleAPPLE
0x008863f0	_glRenderbufferStorageOES
0x00886400	_glResolveMultisampleFramebufferAPPLE
0x00886410	_glRotatef
0x00886420	_glScissor
0x00886430	_glTexCoordPointer
0x00886440	_glTexEnvi
0x00886450	_glTexImage2D
0x00886460	_glTexParameteri
0x00886470	_glTranslatef
0x00886480	_glVertexPointer
0x00886490	_glViewport
0x008864a0	_CATransform3DMakeRotation
0x008864b0	_CATransform3DMakeScale
0x008864c0	_CATransform3DMakeTranslation
0x008864d0	_CATransform3DRotate
0x008864e0	_CGPointFromString
0x008864f0	_CGRectFromString
0x00886500	_CGSizeFromString
0x00886510	_NSStringFromCGRect
0x00886520	_NSStringFromCGSize
0x00886530	_UIApplicationMain
0x00886540	_UIGraphicsBeginImageContext
0x00886550	_UIGraphicsEndImageContext
0x00886560	_UIGraphicsGetCurrentContext
0x00886570	_UIGraphicsGetImageFromCurrentImageContext
0x00886580	_UIGraphicsPopContext
0x00886590	_UIGraphicsPushContext
0x008865a0	_UIImageJPEGRepresentation
0x008865b0	_UIImagePNGRepresentation
0x008865c0	_UIImageWriteToSavedPhotosAlbum
0x008865d0	_UIRectFill
0x008865e0	_UIRectFillUsingBlendMode
0x008865f0	_AudioFileClose
0x00886600	_AudioFileGetProperty
0x00886610	_AudioFileOpenURL
0x00886620	_AudioFileReadBytes
0x00886630	_AudioServicesAddSystemSoundCompletion
0x00886640	_AudioServicesCreateSystemSoundID
0x00886650	_AudioServicesPlayAlertSound
0x00886660	_AudioServicesPlaySystemSound
0x00886670	_AudioServicesRemoveSystemSoundCompletion
0x00886680	_AudioSessionGetProperty
0x00886690	_AudioSessionInitialize
0x008866a0	_ExtAudioFileDispose
0x008866b0	_ExtAudioFileGetProperty
0x008866c0	_ExtAudioFileOpenURL
0x008866d0	_ExtAudioFileRead
0x008866e0	_ExtAudioFileSetProperty
0x008866f0	_alBufferData
0x00886700	_alDeleteBuffers
0x00886710	_alDeleteSources
0x00886720	_alGenBuffers
0x00886730	_alGenSources
0x00886740	_alGetError
0x00886750	_alGetListenerf
0x00886760	_alGetSourcef
0x00886770	_alGetSourcefv
0x00886780	_alGetSourcei
0x00886790	_alListenerf
0x008867a0	_alSourcePause
0x008867b0	_alSourcePlay
0x008867c0	_alSourceRewind
0x008867d0	_alSourceStop
0x008867e0	_alSourcef
0x008867f0	_alSourcefv
0x00886800	_alSourcei
0x00886810	_alcCloseDevice
0x00886820	_alcCreateContext
0x00886830	_alcDestroyContext
0x00886840	_alcGetContextsDevice
0x00886850	_alcGetCurrentContext
0x00886860	_alcGetProcAddress
0x00886870	_alcMakeContextCurrent
0x00886880	_alcOpenDevice
0x00886890	_CFHTTPAuthenticationCopyMethod
0x008868a0	_CFHTTPAuthenticationCopyRealm
0x008868b0	_CFHTTPAuthenticationCreateFromResponse
0x008868c0	_CFHTTPAuthenticationIsValid
0x008868d0	_CFHTTPAuthenticationRequiresAccountDomain
0x008868e0	_CFHTTPAuthenticationRequiresUserNameAndPassword
0x008868f0	_CFHTTPMessageApplyCredentialDictionary
0x00886900	_CFHTTPMessageCopyAllHeaderFields
0x00886910	_CFHTTPMessageCopyResponseStatusLine
0x00886920	_CFHTTPMessageCopyVersion
0x00886930	_CFHTTPMessageCreateRequest
0x00886940	_CFHTTPMessageGetResponseStatusCode
0x00886950	_CFHTTPMessageIsHeaderComplete
0x00886960	_CFHTTPMessageSetHeaderFieldValue
0x00886970	_CFNetworkCopyProxiesForAutoConfigurationScript
0x00886980	_CFNetworkCopyProxiesForURL
0x00886990	_CFNetworkCopySystemProxySettings
0x008869a0	_CFReadStreamCreateForHTTPRequest
0x008869b0	_CFReadStreamCreateForStreamedHTTPRequest
0x008869c0	__ZNSt8ios_base4InitC1Ev
0x008869d0	__ZSt17__throw_bad_allocv
0x008869e0	__ZSt20__throw_length_errorPKc
0x008869f0	__ZSt9terminatev
0x00886a00	__ZdlPv
0x00886a10	__Znwm
0x00886a20	___cxa_guard_acquire
0x00886a30	___cxa_guard_release
0x00886a40	__Unwind_SjLj_Register
0x00886a50	__Unwind_SjLj_Resume
0x00886a60	__Unwind_SjLj_Unregister
0x00886a70	___divdi3
0x00886a80	___divsi3
0x00886a90	___fixdfdi
0x00886aa0	___fixunsdfdi
0x00886ab0	___floatdidf
0x00886ac0	___floatundidf
0x00886ad0	___floatundisf
0x00886ae0	___modsi3
0x00886af0	___udivdi3
0x00886b00	___udivsi3
0x00886b10	___umoddi3
0x00886b20	___umodsi3
0x00886b30	_CFAbsoluteTimeGetCurrent
0x00886b40	_CFAbsoluteTimeGetGregorianDate
0x00886b50	_CFArrayAppendValue
0x00886b60	_CFArrayCreate
0x00886b70	_CFArrayCreateMutable
0x00886b80	_CFArrayGetCount
0x00886b90	_CFArrayGetValueAtIndex
0x00886ba0	_CFArrayGetValues
0x00886bb0	_CFArrayRemoveAllValues
0x00886bc0	_CFBundleGetIdentifier
0x00886bd0	_CFBundleGetInfoDictionary
0x00886be0	_CFBundleGetMainBundle
0x00886bf0	_CFBundleGetValueForInfoDictionaryKey
0x00886c00	_CFBundleGetVersionNumber
0x00886c10	_CFDataCreate
0x00886c20	_CFDataCreateMutable
0x00886c30	_CFDataCreateWithBytesNoCopy
0x00886c40	_CFDataGetBytePtr
0x00886c50	_CFDataGetBytes
0x00886c60	_CFDataGetLength
0x00886c70	_CFDataGetMutableBytePtr
0x00886c80	_CFDataSetLength
0x00886c90	_CFDictionaryAddValue
0x00886ca0	_CFDictionaryContainsKey
0x00886cb0	_CFDictionaryCreate
0x00886cc0	_CFDictionaryCreateMutable
0x00886cd0	_CFDictionaryGetCount
0x00886ce0	_CFDictionaryGetKeysAndValues
0x00886cf0	_CFDictionaryGetValue
0x00886d00	_CFDictionaryGetValueIfPresent
0x00886d10	_CFDictionaryRemoveValue
0x00886d20	_CFDictionarySetValue
0x00886d30	_CFEqual
0x00886d40	_CFHash
0x00886d50	_CFLocaleGetSystem
0x00886d60	_CFMakeCollectable
0x00886d70	_CFNotificationCenterAddObserver
0x00886d80	_CFNotificationCenterGetLocalCenter
0x00886d90	_CFNumberCreate
0x00886da0	_CFNumberGetType
0x00886db0	_CFNumberGetValue
0x00886dc0	_CFPropertyListCreateFromXMLData
0x00886dd0	_CFReadStreamClose
0x00886de0	_CFReadStreamCopyError
0x00886df0	_CFReadStreamCopyProperty
0x00886e00	_CFReadStreamGetError
0x00886e10	_CFReadStreamGetStatus
0x00886e20	_CFReadStreamHasBytesAvailable
0x00886e30	_CFReadStreamOpen
0x00886e40	_CFReadStreamRead
0x00886e50	_CFReadStreamScheduleWithRunLoop
0x00886e60	_CFReadStreamSetClient
0x00886e70	_CFReadStreamSetProperty
0x00886e80	_CFReadStreamUnscheduleFromRunLoop
0x00886e90	_CFRelease
0x00886ea0	_CFRetain
0x00886eb0	_CFRunLoopAddObserver
0x00886ec0	_CFRunLoopAddSource
0x00886ed0	_CFRunLoopAddTimer
0x00886ee0	_CFRunLoopContainsTimer
0x00886ef0	_CFRunLoopCopyAllModes
0x00886f00	_CFRunLoopGetCurrent
0x00886f10	_CFRunLoopGetMain
0x00886f20	_CFRunLoopObserverCreate
0x00886f30	_CFRunLoopRemoveObserver
0x00886f40	_CFRunLoopRemoveSource
0x00886f50	_CFRunLoopRemoveTimer
0x00886f60	_CFRunLoopRun
0x00886f70	_CFRunLoopRunInMode
0x00886f80	_CFRunLoopSourceCreate
0x00886f90	_CFRunLoopStop
0x00886fa0	_CFSocketConnectToAddress
0x00886fb0	_CFSocketCopyAddress
0x00886fc0	_CFSocketCopyPeerAddress
0x00886fd0	_CFSocketCreate
0x00886fe0	_CFSocketCreateRunLoopSource
0x00886ff0	_CFSocketCreateWithNative
0x00887000	_CFSocketGetNative
0x00887010	_CFSocketInvalidate
0x00887020	_CFSocketSetAddress
0x00887030	_CFSocketSetSocketFlags
0x00887040	_CFStreamCreatePairWithSocket
0x00887050	_CFStreamCreatePairWithSocketToHost
0x00887060	_CFStringAppend
0x00887070	_CFStringAppendCharacters
0x00887080	_CFStringAppendFormat
0x00887090	_CFStringCompare
0x008870a0	_CFStringConvertEncodingToIANACharSetName
0x008870b0	_CFStringConvertEncodingToNSStringEncoding
0x008870c0	_CFStringConvertIANACharSetNameToEncoding
0x008870d0	_CFStringConvertNSStringEncodingToEncoding
0x008870e0	_CFStringCreateArrayBySeparatingStrings
0x008870f0	_CFStringCreateCopy
0x00887100	_CFStringCreateMutable
0x00887110	_CFStringCreateMutableCopy
0x00887120	_CFStringCreateWithBytes
0x00887130	_CFStringCreateWithBytesNoCopy
0x00887140	_CFStringCreateWithCString
0x00887150	_CFStringCreateWithFormat
0x00887160	_CFStringCreateWithSubstring
0x00887170	_CFStringFind
0x00887180	_CFStringGetBytes
0x00887190	_CFStringGetCString
0x008871a0	_CFStringGetCStringPtr
0x008871b0	_CFStringGetFastestEncoding
0x008871c0	_CFStringGetIntValue
0x008871d0	_CFStringGetLength
0x008871e0	_CFStringGetMaximumSizeForEncoding
0x008871f0	_CFStringHasPrefix
0x00887200	_CFStringHasSuffix
0x00887210	_CFStringLowercase
0x00887220	_CFTimeZoneCopySystem
0x00887230	_CFURLCopyPassword
0x00887240	_CFURLCopyPathExtension
0x00887250	_CFURLCopyUserName
0x00887260	_CFURLCreateStringByAddingPercentEscapes
0x00887270	_CFURLCreateStringByReplacingPercentEscapesUsingEncoding
0x00887280	_CFUUIDCreate
0x00887290	_CFUUIDCreateFromUUIDBytes
0x008872a0	_CFUUIDCreateString
0x008872b0	_CFUUIDGetUUIDBytes
0x008872c0	_CFWriteStreamCanAcceptBytes
0x008872d0	_CFWriteStreamClose
0x008872e0	_CFWriteStreamCopyError
0x008872f0	_CFWriteStreamGetError
0x00887300	_CFWriteStreamGetStatus
0x00887310	_CFWriteStreamOpen
0x00887320	_CFWriteStreamScheduleWithRunLoop
0x00887330	_CFWriteStreamSetClient
0x00887340	_CFWriteStreamSetProperty
0x00887350	_CFWriteStreamUnscheduleFromRunLoop
0x00887360	_CFWriteStreamWrite
0x009c8020	_OBJC_EHTYPE_$_NSException
0x009c8024	___objc_personality_v0
0x009c8028	___stack_chk_guard
0x009c8030	_kEAGLColorFormatRGB565
0x009c8048	___gxx_personality_sj0
0x009c804c	_CGPointZero
0x009c8050	_NSFoundationVersionNumber
0x009c8054	_NSLocaleCountryCode
0x009c8088	_kCFAllocatorDefault
0x009c808c	_CGSizeZero
0x009c80cc	_NSDefaultRunLoopMode
0x009c8110	_NSRunLoopCommonModes
0x009c8128	_kCFBooleanTrue
0x009c812c	_kSecAttrAccessible
0x009c8130	_kSecAttrAccessibleAlwaysThisDeviceOnly
0x009c8134	_kSecAttrAccount
0x009c8138	_kSecAttrLabel
0x009c813c	_kSecAttrService
0x009c8140	_kSecClass
0x009c8144	_kSecClassGenericPassword
0x009c8148	_kSecReturnAttributes
0x009c814c	_kSecReturnData
0x009c8150	_kSecValueData
0x009c8154	_NSInternalInconsistencyException
0x009c8158	_NSLocalizedDescriptionKey
0x009c815c	_NSMachErrorDomain
0x009c8160	_NSOSStatusErrorDomain
0x009c8164	_NSPOSIXErrorDomain
0x009c8168	_in6addr_any
0x009c816c	_in6addr_loopback
0x009c8170	_kCFStreamErrorDomainMach
0x009c8174	_kCFStreamErrorDomainNetDB
0x009c8178	_kCFStreamErrorDomainNetServices
0x009c817c	_kCFStreamErrorDomainSOCKS
0x009c8180	_kCFStreamErrorDomainSSL
0x009c8184	_kCFStreamErrorDomainSystemConfiguration
0x009c8188	_kCFStreamPropertySSLSettings
0x009c818c	_kCFStreamPropertyShouldCloseNativeSocket
0x009c8190	_kCFStreamPropertySocketNativeHandle
0x009c8194	_kCFRunLoopDefaultMode
0x009c8198	_NSInvalidArgumentException
0x009c819c	_CGAffineTransformIdentity
0x009c81a0	_UIDeviceOrientationDidChangeNotification
0x009c822c	_UILocalNotificationDefaultSoundName
0x009c8230	_UIKeyboardDidHideNotification
0x009c8234	_UIKeyboardDidShowNotification
0x009c8238	_UIKeyboardFrameEndUserInfoKey
0x009c8280	_UITextViewTextDidChangeNotification
0x009c8298	_kCFBundleVersionKey
0x009c82a4	_kCFAbsoluteTimeIntervalSince1970
0x009c82a8	_UIApplicationDidFinishLaunchingNotification
0x009c82ac	_UIApplicationWillEnterForegroundNotification
0x009c82b0	_kCFBundleNameKey
0x009c82b4	_NSMallocException
0x009c82b8	_NSRangeException
0x009c82bc	_OBJC_IVAR_$_NSObject.isa
0x009c82c0	_kCFBooleanFalse
0x009c82c4	_kCFNull
0x009c82c8	_CGRectZero
0x009c836c	_NSUnderlyingErrorKey
0x009c8378	__DefaultRuneLocale
0x009c8384	_UIWindowLevelNormal
0x009c839c	_NSGregorianCalendar
0x009c83a8	_kCFTypeArrayCallBacks
0x009c83b0	_NSHTTPCookieDomain
0x009c83b4	_NSHTTPCookieName
0x009c83b8	_NSHTTPCookiePath
0x009c83bc	_NSHTTPCookieValue
0x009c83c4	_UIKeyboardWillShowNotification
0x009c83d4	_UIKeyboardBoundsUserInfoKey
0x009c83e4	_kCFHTTPAuthenticationSchemeBasic
0x009c83e8	_kCFHTTPAuthenticationSchemeNTLM
0x009c83f0	_NSLocalizedFailureReasonErrorKey
0x009c83f4	_NSURLAuthenticationMethodDefault
0x009c83f8	_NSURLProtectionSpaceHTTPProxy
0x009c83fc	_kCFErrorDomainCFNetwork
0x009c8400	_kCFHTTPAuthenticationAccountDomain
0x009c8404	_kCFHTTPAuthenticationPassword
0x009c8408	_kCFHTTPAuthenticationUsername
0x009c840c	_kCFHTTPVersion1_0
0x009c8410	_kCFHTTPVersion1_1
0x009c8414	_kCFProxyAutoConfigurationURLKey
0x009c8418	_kCFProxyHostNameKey
0x009c841c	_kCFProxyPortNumberKey
0x009c8420	_kCFStreamErrorDomainHTTP
0x009c8424	_kCFStreamPropertyHTTPAttemptPersistentConnection
0x009c8428	_kCFStreamPropertyHTTPProxy
0x009c842c	_kCFStreamPropertyHTTPProxyHost
0x009c8430	_kCFStreamPropertyHTTPProxyPort
0x009c8434	_kCFStreamPropertyHTTPRequestBytesWrittenCount
0x009c8438	_kCFStreamPropertyHTTPResponseHeader
0x009c843c	_kCFStreamPropertyHTTPSProxyHost
0x009c8440	_kCFStreamPropertyHTTPSProxyPort
0x009c8444	_kCFStreamSSLValidatesCertificateChain
0x009c8448	_kUTTagClassFilenameExtension
0x009c844c	_kUTTagClassMIMEType
0x009c8450	_MPMediaPlaybackIsPreparedToPlayDidChangeNotification
0x009c8454	_MPMoviePlayerPlaybackDidFinishNotification
0x009c8458	_MPMoviePlayerPlaybackStateDidChangeNotification
0x009c8544	_kEAGLDrawablePropertyColorFormat
0x009c8548	_kEAGLDrawablePropertyRetainedBacking
0x009c854c	___stderrp
0x009c855c	_AVAudioSessionCategoryAmbient
0x009c8560	_AVAudioSessionCategoryPlayAndRecord
0x009c8564	_AVAudioSessionCategoryPlayback
0x009c8568	_AVAudioSessionCategorySoloAmbient
0x009c8584	_kCFTypeDictionaryKeyCallBacks
0x009c8588	_kCFTypeDictionaryValueCallBacks
0x009c858c	__NSConcreteStackBlock
0x009c8590	_NSGenericException
0x009c85bc	_UIApplicationDidBecomeActiveNotification
0x009c85c0	_UIApplicationWillResignActiveNotification
0x009c85e8	_mach_task_self_
0x009c85f4	_UIBackgroundTaskInvalid
0x009c85f8	__dispatch_main_q
0x009c8600	_NSFileCreationDate
0x009c8604	_UIApplicationDidEnterBackgroundNotification
0x009c8608	_kCNNetworkInfoKeyBSSID
0x009c860c	_kCNNetworkInfoKeySSID
0x009c8610	_UIApplicationWillTerminateNotification
0x009c8614	_UIScrollViewDecelerationRateFast
0x009c8618	_UIImagePickerControllerOriginalImage
0x009c861c	__ZNSt8ios_base4InitD1Ev
0x009c8638	__ZN12byte_array_tD1Ev
0x009c863c	__ZTV12byte_array_t
0x009c865c	_UIApplicationDidChangeStatusBarOrientationNotification
0x009c8660	_UIKeyboardAnimationDurationUserInfoKey
0x009c8664	_UIKeyboardFrameBeginUserInfoKey
0x009c8668	_UIKeyboardWillHideNotification
0x009c866c	_NSFileSystemFreeSize
0x009c8670	_NSFileSystemSize
0x009c8674	_SKStoreProductParameterITunesItemIdentifier
0x009c86b0	_kSecMatchLimit
0x009c86b4	_kSecMatchLimitAll
0x009c86b8	_kSecMatchLimitOne
0x009c86bc	_kCFProxyTypeHTTP
0x009c86c0	_kCFProxyTypeKey
0x009c86c4	_kCFProxyTypeSOCKS
0x009c86c8	_kCFStreamPropertySOCKSProxy
0x009c86cc	_kCFStreamPropertySOCKSProxyHost
0x009c86d0	_kCFStreamPropertySOCKSProxyPort
0x009c86d4	_kCFStreamSSLAllowsAnyRoot
0x009c86d8	_kCFStreamSSLAllowsExpiredCertificates
0x009c86dc	_kCFStreamSSLCertificates
0x009c86e0	_kCFStreamSSLPeerName
0x009c86ec	_UIApplicationDidReceiveMemoryWarningNotification
0x009c86f0	_kCAMediaTimingFunctionEaseInEaseOut
0x009c86f4	_MPMoviePlayerContentPreloadDidFinishNotification
0x009c86f8	_MPMoviePlayerDidExitFullscreenNotification
0x009c86fc	_MPMoviePlayerLoadStateDidChangeNotification
0x009c8700	_MPMoviePlayerWillEnterFullscreenNotification
0x009c8704	_MPMoviePlayerWillExitFullscreenNotification
0x009c8708	_NSLocaleCurrencyCode
0x009c8720	_NSFilePosixPermissions
0x009c8728	_NSFileSize
0x009c8738	_objc_msgSend
0x009c873c	_objc_msgSendSuper2
0x009c8740	_CATransform3DIdentity
0x009c8744	_UIEdgeInsetsZero
0x009c8748	_kCAGravityResizeAspect
0x009c874c	_kCATransactionDisableActions
0x009c8750	_kCLLocationAccuracyBest
0x009c875c	_kCFNumberNaN
0x009c8768	_kSecImportExportPassphrase
0x009c876c	_kSecImportItemCertChain
0x009c8770	_kSecImportItemIdentity
0x009c8774	_kSecImportItemTrust
0x009c8778	_NSFileModificationDate
0x009c877c	_kCFRunLoopCommonModes
0x009c88a4	_NSCocoaErrorDomain
0x009c88c8	_MPMoviePlayerDidEnterFullscreenNotification
0x009c88cc	_MPMoviePlayerPlaybackDidFinishReasonUserInfoKey
0x009c88d8	_kSecAttrAccessGroup
0x009c88dc	_kSecAttrDescription
0x009c88e0	_kSecAttrGeneric
0x009c88ec	_kSecAttrAccessibleAfterFirstUnlock
0x009c88fc	_UIApplicationDidChangeStatusBarFrameNotification
0x009c8900	_SLServiceTypeFacebook
0x009c8904	_SLServiceTypeSinaWeibo
0x009c8908	_SLServiceTypeTwitter
0x009c890c	_NSLocaleLanguageCode
0x009c8910	_NSURLErrorDomain
0x009c8918	_MPMoviePlayerScalingModeDidChangeNotification
0x009c891c	_NSURLErrorFailingURLErrorKey
0x009c8920	_UIApplicationLaunchOptionsRemoteNotificationKey
0x009c8924	_MPMovieDurationAvailableNotification
0x009c8928	_NSStreamFileCurrentOffsetKey
0x009c892c	_kCFBundleExecutableKey
0x009c8930	_kCFBundleIdentifierKey
0x009c8934	_NSLocalizedRecoverySuggestionErrorKey
0x009c8938	_NSStreamDataWrittenToMemoryStreamKey
0x009c8950	_NSURLAuthenticationMethodClientCertificate
0x009c8954	_NSURLAuthenticationMethodServerTrust
0x009c8970	_kCAFillModeForwards
0x009c8974	_kCAMediaTimingFunctionLinear
0x009c8978	_UIAccessibilityTraitStaticText
0x009c89b8	_UIWindowLevelStatusBar
0x009c8a20	_NSKeyValueChangeNewKey
0x009c8a50	_NSFileType
0x009c8a54	_NSFileTypeDirectory
0x009c8ab4	__dispatch_source_type_read
0x009c8ab8	__dispatch_source_type_timer
0x009c8abc	__dispatch_source_type_write
0x009c8ac0	_kCFStreamNetworkServiceType
0x009c8ac4	_kCFStreamNetworkServiceTypeVoIP
0x009c8adc	_kCATransitionFromBottom
0x009c8ae0	_kCATransitionFromLeft
0x009c8ae4	_kCATransitionFromRight
0x009c8ae8	_kCATransitionFromTop
0x009c8aec	_kCATransitionPush
0x009c8af0	_OBJC_EHTYPE_id
0x009c8b00	_kSecAttrAccessibleWhenUnlocked
0x009c8b24	_NDR_record
0x009c8b28	_vm_page_size
0x009c8b2c	_objc_retain
0x009c8b30	_compress2
0x009c8b34	_crc32
0x009c8b38	_deflate
0x009c8b3c	_deflateEnd
0x009c8b40	_deflateInit2_
0x009c8b44	_deflateInit_
0x009c8b48	_get_crc_table
0x009c8b4c	_gzclose
0x009c8b50	_gzopen
0x009c8b54	_gzread
0x009c8b58	_inflate
0x009c8b5c	_inflateEnd
0x009c8b60	_inflateInit2_
0x009c8b64	_inflateInit_
0x009c8b68	_uncompress
0x009c8b6c	_CCCrypt
0x009c8b70	_CCHmac
0x009c8b74	_CC_MD5
0x009c8b78	_CC_MD5_Final
0x009c8b7c	_CC_MD5_Init
0x009c8b80	_CC_MD5_Update
0x009c8b84	_CC_SHA1
0x009c8b88	_CC_SHA1_Final
0x009c8b8c	_CC_SHA1_Init
0x009c8b90	_CC_SHA1_Update
0x009c8b94	_CC_SHA256
0x009c8b98	_OSAtomicAdd32Barrier
0x009c8b9c	_OSAtomicCompareAndSwap32Barrier
0x009c8ba0	_OSAtomicCompareAndSwapPtrBarrier
0x009c8ba4	_OSMemoryBarrier
0x009c8ba8	_OSMemoryNotificationCurrentLevel
0x009c8bac	_OSSpinLockLock
0x009c8bb0	_OSSpinLockUnlock
0x009c8bb4	__Block_copy
0x009c8bb8	__Block_object_assign
0x009c8bbc	__Block_object_dispose
0x009c8bc0	__NSGetExecutablePath
0x009c8bc4	___assert_rtn
0x009c8bc8	___cxa_atexit
0x009c8bcc	___error
0x009c8bd0	___maskrune
0x009c8bd4	___memcpy_chk
0x009c8bd8	___memmove_chk
0x009c8bdc	___memset_chk
0x009c8be0	___snprintf_chk
0x009c8be4	___sprintf_chk
0x009c8be8	___stack_chk_fail
0x009c8bec	___strcat_chk
0x009c8bf0	___strcpy_chk
0x009c8bf4	___tolower
0x009c8bf8	___vsnprintf_chk
0x009c8bfc	__dyld_get_image_header
0x009c8c00	__dyld_get_image_name
0x009c8c04	__dyld_image_count
0x009c8c08	__dyld_register_func_for_add_image
0x009c8c0c	__dyld_register_func_for_remove_image
0x009c8c10	_abort
0x009c8c14	_accept
0x009c8c18	_acosf
0x009c8c1c	_arc4random
0x009c8c20	_asinf
0x009c8c24	_atan
0x009c8c28	_atan2f
0x009c8c2c	_atanf
0x009c8c30	_atof
0x009c8c34	_backtrace
0x009c8c38	_backtrace_symbols
0x009c8c3c	_basename
0x009c8c40	_bcopy
0x009c8c44	_bind
0x009c8c48	_bsearch
0x009c8c4c	_calloc
0x009c8c50	_ceil
0x009c8c54	_ceilf
0x009c8c58	_close
0x009c8c5c	_connect
0x009c8c60	_cos
0x009c8c64	_cosf
0x009c8c68	_dispatch_after
0x009c8c6c	_dispatch_async
0x009c8c70	_dispatch_get_current_queue
0x009c8c74	_dispatch_get_global_queue
0x009c8c78	_dispatch_group_async
0x009c8c7c	_dispatch_group_create
0x009c8c80	_dispatch_group_enter
0x009c8c84	_dispatch_group_leave
0x009c8c88	_dispatch_group_notify
0x009c8c8c	_dispatch_once
0x009c8c90	_dispatch_queue_create
0x009c8c94	_dispatch_release
0x009c8c98	_dispatch_resume
0x009c8c9c	_dispatch_retain
0x009c8ca0	_dispatch_semaphore_create
0x009c8ca4	_dispatch_semaphore_signal
0x009c8ca8	_dispatch_semaphore_wait
0x009c8cac	_dispatch_source_cancel
0x009c8cb0	_dispatch_source_create
0x009c8cb4	_dispatch_source_get_data
0x009c8cb8	_dispatch_source_set_cancel_handler
0x009c8cbc	_dispatch_source_set_event_handler
0x009c8cc0	_dispatch_source_set_timer
0x009c8cc4	_dispatch_suspend
0x009c8cc8	_dispatch_sync
0x009c8ccc	_dispatch_time
0x009c8cd0	_dladdr
0x009c8cd4	_dlopen
0x009c8cd8	_dlsym
0x009c8cdc	_exception_raise
0x009c8ce0	_exception_raise_state
0x009c8ce4	_exception_raise_state_identity
0x009c8ce8	_exit
0x009c8cec	_exp2f
0x009c8cf0	_expf
0x009c8cf4	_fclose
0x009c8cf8	_fcntl
0x009c8cfc	_fdopen
0x009c8d00	_feof
0x009c8d04	_ferror
0x009c8d08	_floor
0x009c8d0c	_floorf
0x009c8d10	_fmax
0x009c8d14	_fmaxf
0x009c8d18	_fminf
0x009c8d1c	_fmodf
0x009c8d20	_fopen
0x009c8d24	_fprintf
0x009c8d28	_fread
0x009c8d2c	_free
0x009c8d30	_freeaddrinfo
0x009c8d34	_freeifaddrs
0x009c8d38	_fseek
0x009c8d3c	_ftell
0x009c8d40	_fwrite
0x009c8d44	_gai_strerror
0x009c8d48	_getaddrinfo
0x009c8d4c	_getgid
0x009c8d50	_gethostbyname
0x009c8d54	_getifaddrs
0x009c8d58	_getpeername
0x009c8d5c	_getpid
0x009c8d60	_getppid
0x009c8d64	_getprogname
0x009c8d68	_getsockname
0x009c8d6c	_gettimeofday
0x009c8d70	_host_page_size
0x009c8d74	_host_statistics
0x009c8d78	_if_nametoindex
0x009c8d7c	_inet_ntoa
0x009c8d80	_inet_ntop
0x009c8d84	_inet_pton
0x009c8d88	_ioctl
0x009c8d8c	_isspace
0x009c8d90	_kill
0x009c8d94	_listen
0x009c8d98	_logf
0x009c8d9c	_lround
0x009c8da0	_mach_absolute_time
0x009c8da4	_mach_error_string
0x009c8da8	_mach_host_self
0x009c8dac	_mach_make_memory_entry_64
0x009c8db0	_mach_msg
0x009c8db4	_mach_port_allocate
0x009c8db8	_mach_port_deallocate
0x009c8dbc	_mach_port_insert_right
0x009c8dc0	_mach_port_mod_refs
0x009c8dc4	_mach_port_move_member
0x009c8dc8	_mach_port_request_notification
0x009c8dcc	_mach_thread_self
0x009c8dd0	_mach_timebase_info
0x009c8dd4	_malloc
0x009c8dd8	_memchr
0x009c8ddc	_memcmp
0x009c8de0	_memcpy
0x009c8de4	_memmove
0x009c8de8	_memset
0x009c8dec	_mkstemp
0x009c8df0	_open
0x009c8df4	_perror
0x009c8df8	_poll
0x009c8dfc	_pow
0x009c8e00	_powf
0x009c8e04	_printf
0x009c8e08	_pthread_attr_destroy
0x009c8e0c	_pthread_attr_init
0x009c8e10	_pthread_attr_setdetachstate
0x009c8e14	_pthread_cond_destroy
0x009c8e18	_pthread_cond_init
0x009c8e1c	_pthread_cond_signal
0x009c8e20	_pthread_cond_wait
0x009c8e24	_pthread_create
0x009c8e28	_pthread_join
0x009c8e2c	_pthread_mach_thread_np
0x009c8e30	_pthread_main_np
0x009c8e34	_pthread_mutex_destroy
0x009c8e38	_pthread_mutex_init
0x009c8e3c	_pthread_mutex_lock
0x009c8e40	_pthread_mutex_unlock
0x009c8e44	_putchar
0x009c8e48	_puts
0x009c8e4c	_qsort
0x009c8e50	_raise
0x009c8e54	_rand
0x009c8e58	_random
0x009c8e5c	_read
0x009c8e60	_realloc
0x009c8e64	_reallocf
0x009c8e68	_recvfrom
0x009c8e6c	_roundf
0x009c8e70	_send
0x009c8e74	_sendto
0x009c8e78	_setsockopt
0x009c8e7c	_setxattr
0x009c8e80	_sigaction
0x009c8e84	_sigaltstack
0x009c8e88	_signal
0x009c8e8c	_sin
0x009c8e90	_sinf
0x009c8e94	_sleep
0x009c8e98	_socket
0x009c8e9c	_srand
0x009c8ea0	_srandom
0x009c8ea4	_sscanf
0x009c8ea8	_stat
0x009c8eac	_statfs
0x009c8eb0	_strchr
0x009c8eb4	_strcmp
0x009c8eb8	_strcpy
0x009c8ebc	_strcspn
0x009c8ec0	_strdup
0x009c8ec4	_strerror
0x009c8ec8	_strlen
0x009c8ecc	_strncmp
0x009c8ed0	_strncpy
0x009c8ed4	_strnstr
0x009c8ed8	_strpbrk
0x009c8edc	_strsignal
0x009c8ee0	_strstr
0x009c8ee4	_strtod
0x009c8ee8	_strtol
0x009c8eec	_strtoll
0x009c8ef0	_strtoul
0x009c8ef4	_strtoull
0x009c8ef8	_sysctl
0x009c8efc	_sysctlbyname
0x009c8f00	_system
0x009c8f04	_tanf
0x009c8f08	_task_get_exception_ports
0x009c8f0c	_task_info
0x009c8f10	_task_swap_exception_ports
0x009c8f14	_task_threads
0x009c8f18	_thread_get_exception_ports
0x009c8f1c	_thread_get_state
0x009c8f20	_thread_info
0x009c8f24	_thread_resume
0x009c8f28	_thread_suspend
0x009c8f2c	_thread_swap_exception_ports
0x009c8f30	_time
0x009c8f34	_uname
0x009c8f38	_unlink
0x009c8f3c	_usleep
0x009c8f40	_utimes
0x009c8f44	_vm_allocate
0x009c8f48	_vm_deallocate
0x009c8f4c	_vm_map
0x009c8f50	_vm_protect
0x009c8f54	_vm_read_overwrite
0x009c8f58	_vsnprintf
0x009c8f5c	_write
0x009c8f60	_class_addMethod
0x009c8f64	_class_copyIvarList
0x009c8f68	_class_copyMethodList
0x009c8f6c	_class_getClassMethod
0x009c8f70	_class_getInstanceMethod
0x009c8f74	_class_getInstanceSize
0x009c8f78	_class_getInstanceVariable
0x009c8f7c	_class_getIvarLayout
0x009c8f80	_class_getName
0x009c8f84	_class_getProperty
0x009c8f88	_class_getSuperclass
0x009c8f8c	_class_replaceMethod
0x009c8f90	_ivar_getName
0x009c8f94	_ivar_getOffset
0x009c8f98	_method_getImplementation
0x009c8f9c	_method_getName
0x009c8fa0	_method_getTypeEncoding
0x009c8fa4	_objc_autorelease
0x009c8fa8	_objc_autoreleasePoolPop
0x009c8fac	_objc_autoreleasePoolPush
0x009c8fb0	_objc_autoreleaseReturnValue
0x009c8fb4	_objc_begin_catch
0x009c8fb8	_objc_copyStruct
0x009c8fbc	_objc_destroyWeak
0x009c8fc0	_objc_end_catch
0x009c8fc4	_objc_enumerationMutation
0x009c8fc8	_objc_exception_rethrow
0x009c8fcc	_objc_exception_throw
0x009c8fd0	_objc_getAssociatedObject
0x009c8fd4	_objc_getClass
0x009c8fd8	_objc_getClassList
0x009c8fdc	_objc_getMetaClass
0x009c8fe0	_objc_getProperty
0x009c8fe4	_objc_loadWeak
0x009c8fe8	_objc_loadWeakRetained
0x009c8fec	_objc_lookUpClass
0x009c8ff0	_objc_msgSend
0x009c8ff4	_objc_msgSendSuper2
0x009c8ff8	_objc_msgSendSuper2_stret
0x009c8ffc	_objc_msgSend_stret
0x009c9000	_objc_release
0x009c9004	_objc_removeAssociatedObjects
0x009c9008	_objc_retain
0x009c900c	_objc_retainAutorelease
0x009c9010	_objc_retainAutoreleaseReturnValue
0x009c9014	_objc_retainAutoreleasedReturnValue
0x009c9018	_objc_retainBlock
0x009c901c	_objc_setAssociatedObject
0x009c9020	_objc_setProperty
0x009c9024	_objc_storeStrong
0x009c9028	_objc_storeWeak
0x009c902c	_objc_sync_enter
0x009c9030	_objc_sync_exit
0x009c9034	_objc_terminate
0x009c9038	_object_getClass
0x009c903c	_object_setClass
0x009c9040	_object_setIvar
0x009c9044	_protocol_getMethodDescription
0x009c9048	_sel_getName
0x009c904c	_sel_registerName
0x009c9050	_CNCopyCurrentNetworkInfo
0x009c9054	_CNCopySupportedInterfaces
0x009c9058	_SCNetworkReachabilityCreateWithAddress
0x009c905c	_SCNetworkReachabilityCreateWithName
0x009c9060	_SCNetworkReachabilityGetFlags
0x009c9064	_SCNetworkReachabilityScheduleWithRunLoop
0x009c9068	_SCNetworkReachabilitySetCallback
0x009c906c	_SCNetworkReachabilityUnscheduleFromRunLoop
0x009c9070	_SecCertificateCreateWithData
0x009c9074	_SecIdentityCopyPrivateKey
0x009c9078	_SecItemAdd
0x009c907c	_SecItemCopyMatching
0x009c9080	_SecItemDelete
0x009c9084	_SecItemUpdate
0x009c9088	_SecKeyDecrypt
0x009c908c	_SecKeyEncrypt
0x009c9090	_SecKeyGetBlockSize
0x009c9094	_SecPKCS12Import
0x009c9098	_SecPolicyCreateBasicX509
0x009c909c	_SecTrustCopyPublicKey
0x009c90a0	_SecTrustCreateWithCertificates
0x009c90a4	_SecTrustEvaluate
0x009c90a8	_SecTrustSetAnchorCertificates
0x009c90ac	_NSAllocateObject
0x009c90b0	_NSClassFromString
0x009c90b4	_NSCopyObject
0x009c90b8	_NSDefaultMallocZone
0x009c90bc	_NSGetUncaughtExceptionHandler
0x009c90c0	_NSHomeDirectory
0x009c90c4	_NSIntersectionRange
0x009c90c8	_NSLog
0x009c90cc	_NSLogv
0x009c90d0	_NSSearchPathForDirectoriesInDomains
0x009c90d4	_NSSelectorFromString
0x009c90d8	_NSSetUncaughtExceptionHandler
0x009c90dc	_NSStringFromClass
0x009c90e0	_NSStringFromProtocol
0x009c90e4	_NSStringFromSelector
0x009c90e8	_NSTemporaryDirectory
0x009c90ec	_NSUnionRange
0x009c90f0	_NSZoneMalloc
0x009c90f4	_sqlite3_bind_blob
0x009c90f8	_sqlite3_bind_double
0x009c90fc	_sqlite3_bind_text
0x009c9100	_sqlite3_close
0x009c9104	_sqlite3_column_blob
0x009c9108	_sqlite3_column_bytes
0x009c910c	_sqlite3_column_double
0x009c9110	_sqlite3_column_int
0x009c9114	_sqlite3_column_text
0x009c9118	_sqlite3_exec
0x009c911c	_sqlite3_finalize
0x009c9120	_sqlite3_last_insert_rowid
0x009c9124	_sqlite3_open
0x009c9128	_sqlite3_prepare_v2
0x009c912c	_sqlite3_step
0x009c9130	__ZN12byte_array_t10reset_sizeEj
0x009c9134	__ZN12byte_array_t11read_uint32ERj
0x009c9138	__ZN12byte_array_t12write_uint32Ej
0x009c913c	__ZN12byte_array_t10write_int8Ea
0x009c9140	__ZNSt12_Vector_baseI10qa_class_tSaIS0_EE11_M_allocateEm
0x009c9144	__ZNSt12_Vector_baseI4qa_tSaIS0_EE11_M_allocateEm
0x009c9148	__ZNSt12_Vector_baseI5pic_tSaIS0_EE11_M_allocateEm
0x009c914c	__ZNSt12_Vector_baseI7fbmsg_tSaIS0_EE11_M_allocateEm
0x009c9150	__ZNSt12_Vector_baseI7phone_tSaIS0_EE11_M_allocateEm
0x009c9154	__ZNSt12_Vector_baseI8fbuser_tSaIS0_EE11_M_allocateEm
0x009c9158	__ZNSt15__copy_backwardILb0ESt26random_access_iterator_tagE8__copy_bIP10qa_class_tS4_EET0_T_S6_S5_
0x009c915c	__ZNSt15__copy_backwardILb0ESt26random_access_iterator_tagE8__copy_bIP4qa_tS4_EET0_T_S6_S5_
0x009c9160	__ZNSt15__copy_backwardILb0ESt26random_access_iterator_tagE8__copy_bIP5pic_tS4_EET0_T_S6_S5_
0x009c9164	__ZNSt15__copy_backwardILb0ESt26random_access_iterator_tagE8__copy_bIP7fbmsg_tS4_EET0_T_S6_S5_
0x009c9168	__ZNSt15__copy_backwardILb0ESt26random_access_iterator_tagE8__copy_bIP7phone_tS4_EET0_T_S6_S5_
0x009c916c	__ZNSt15__copy_backwardILb0ESt26random_access_iterator_tagE8__copy_bIP8fbuser_tS4_EET0_T_S6_S5_
0x009c9170	__ZNSt6vectorI10qa_class_tSaIS0_EE13_M_insert_auxEN9__gnu_cxx17__normal_iteratorIPS0_S2_EERKS0_
0x009c9174	__ZNSt6vectorI10qa_class_tSaIS0_EE15_M_erase_at_endEPS0_
0x009c9178	__ZNSt6vectorI10qa_class_tSaIS0_EE9push_backERKS0_
0x009c917c	__ZNSt6vectorI10qa_class_tSaIS0_EED2Ev
0x009c9180	__ZNSt6vectorI4qa_tSaIS0_EE13_M_insert_auxEN9__gnu_cxx17__normal_iteratorIPS0_S2_EERKS0_
0x009c9184	__ZNSt6vectorI4qa_tSaIS0_EE15_M_erase_at_endEPS0_
0x009c9188	__ZNSt6vectorI4qa_tSaIS0_EE9push_backERKS0_
0x009c918c	__ZNSt6vectorI4qa_tSaIS0_EED2Ev
0x009c9190	__ZNSt6vectorI5pic_tSaIS0_EE13_M_insert_auxEN9__gnu_cxx17__normal_iteratorIPS0_S2_EERKS0_
0x009c9194	__ZNSt6vectorI5pic_tSaIS0_EE15_M_erase_at_endEPS0_
0x009c9198	__ZNSt6vectorI5pic_tSaIS0_EE9push_backERKS0_
0x009c919c	__ZNSt6vectorI5pic_tSaIS0_EED2Ev
0x009c91a0	__ZNSt6vectorI7fbmsg_tSaIS0_EE13_M_insert_auxEN9__gnu_cxx17__normal_iteratorIPS0_S2_EERKS0_
0x009c91a4	__ZNSt6vectorI7fbmsg_tSaIS0_EE15_M_erase_at_endEPS0_
0x009c91a8	__ZNSt6vectorI7fbmsg_tSaIS0_EE9push_backERKS0_
0x009c91ac	__ZNSt6vectorI7fbmsg_tSaIS0_EED2Ev
0x009c91b0	__ZNSt6vectorI7phone_tSaIS0_EE13_M_insert_auxEN9__gnu_cxx17__normal_iteratorIPS0_S2_EERKS0_
0x009c91b4	__ZNSt6vectorI7phone_tSaIS0_EE9push_backERKS0_
0x009c91b8	__ZNSt6vectorI7phone_tSaIS0_EED2Ev
0x009c91bc	__ZNSt6vectorI8fbuser_tSaIS0_EE13_M_insert_auxEN9__gnu_cxx17__normal_iteratorIPS0_S2_EERKS0_
0x009c91c0	__ZNSt6vectorI8fbuser_tSaIS0_EE15_M_erase_at_endEPS0_
0x009c91c4	__ZNSt6vectorI8fbuser_tSaIS0_EE9push_backERKS0_
0x009c91c8	__ZNSt6vectorI8fbuser_tSaIS0_EED2Ev
0x009c91cc	_UTTypeCopyPreferredTagWithClass
0x009c91d0	_UTTypeCreatePreferredIdentifierForTag
0x009c91d4	_CGAffineTransformConcat
0x009c91d8	_CGAffineTransformInvert
0x009c91dc	_CGAffineTransformMakeRotation
0x009c91e0	_CGAffineTransformMakeScale
0x009c91e4	_CGAffineTransformRotate
0x009c91e8	_CGAffineTransformScale
0x009c91ec	_CGAffineTransformTranslate
0x009c91f0	_CGBitmapContextCreate
0x009c91f4	_CGBitmapContextCreateImage
0x009c91f8	_CGColorCreate
0x009c91fc	_CGColorGetAlpha
0x009c9200	_CGColorGetColorSpace
0x009c9204	_CGColorGetComponents
0x009c9208	_CGColorGetNumberOfComponents
0x009c920c	_CGColorRelease
0x009c9210	_CGColorRetain
0x009c9214	_CGColorSpaceCreateDeviceGray
0x009c9218	_CGColorSpaceCreateDeviceRGB
0x009c921c	_CGColorSpaceGetModel
0x009c9220	_CGColorSpaceRelease
0x009c9224	_CGContextAddArc
0x009c9228	_CGContextAddArcToPoint
0x009c922c	_CGContextAddLineToPoint
0x009c9230	_CGContextAddPath
0x009c9234	_CGContextAddRect
0x009c9238	_CGContextBeginPath
0x009c923c	_CGContextClearRect
0x009c9240	_CGContextClip
0x009c9244	_CGContextClipToMask
0x009c9248	_CGContextClipToRect
0x009c924c	_CGContextClosePath
0x009c9250	_CGContextDrawImage
0x009c9254	_CGContextDrawLinearGradient
0x009c9258	_CGContextDrawPath
0x009c925c	_CGContextDrawRadialGradient
0x009c9260	_CGContextEOClip
0x009c9264	_CGContextEOFillPath
0x009c9268	_CGContextFillEllipseInRect
0x009c926c	_CGContextFillPath
0x009c9270	_CGContextFillRect
0x009c9274	_CGContextMoveToPoint
0x009c9278	_CGContextRelease
0x009c927c	_CGContextRestoreGState
0x009c9280	_CGContextRotateCTM
0x009c9284	_CGContextSaveGState
0x009c9288	_CGContextScaleCTM
0x009c928c	_CGContextSetFillColor
0x009c9290	_CGContextSetFillColorWithColor
0x009c9294	_CGContextSetFont
0x009c9298	_CGContextSetFontSize
0x009c929c	_CGContextSetGrayFillColor
0x009c92a0	_CGContextSetLineWidth
0x009c92a4	_CGContextSetRGBFillColor
0x009c92a8	_CGContextSetRGBStrokeColor
0x009c92ac	_CGContextSetShadowWithColor
0x009c92b0	_CGContextSetStrokeColor
0x009c92b4	_CGContextSetStrokeColorSpace
0x009c92b8	_CGContextSetStrokeColorWithColor
0x009c92bc	_CGContextSetTextDrawingMode
0x009c92c0	_CGContextSetTextMatrix
0x009c92c4	_CGContextShowGlyphsAtPoint
0x009c92c8	_CGContextStrokeEllipseInRect
0x009c92cc	_CGContextStrokeLineSegments
0x009c92d0	_CGContextStrokePath
0x009c92d4	_CGContextStrokeRect
0x009c92d8	_CGContextTranslateCTM
0x009c92dc	_CGDataProviderCreateWithData
0x009c92e0	_CGDataProviderCreateWithURL
0x009c92e4	_CGDataProviderRelease
0x009c92e8	_CGFontCopyTableForTag
0x009c92ec	_CGFontCreateWithDataProvider
0x009c92f0	_CGFontCreateWithFontName
0x009c92f4	_CGFontGetAscent
0x009c92f8	_CGFontGetCapHeight
0x009c92fc	_CGFontGetDescent
0x009c9300	_CGFontGetGlyphAdvances
0x009c9304	_CGFontGetUnitsPerEm
0x009c9308	_CGFontGetXHeight
0x009c930c	_CGFontRelease
0x009c9310	_CGFontRetain
0x009c9314	_CGGradientCreateWithColorComponents
0x009c9318	_CGGradientCreateWithColors
0x009c931c	_CGGradientRelease
0x009c9320	_CGImageCreate
0x009c9324	_CGImageCreateWithMask
0x009c9328	_CGImageGetAlphaInfo
0x009c932c	_CGImageGetBitmapInfo
0x009c9330	_CGImageGetBitsPerComponent
0x009c9334	_CGImageGetBytesPerRow
0x009c9338	_CGImageGetColorSpace
0x009c933c	_CGImageGetHeight
0x009c9340	_CGImageGetWidth
0x009c9344	_CGImageRelease
0x009c9348	_CGPathAddArc
0x009c934c	_CGPathAddArcToPoint
0x009c9350	_CGPathAddCurveToPoint
0x009c9354	_CGPathAddEllipseInRect
0x009c9358	_CGPathAddLineToPoint
0x009c935c	_CGPathAddPath
0x009c9360	_CGPathAddQuadCurveToPoint
0x009c9364	_CGPathAddRect
0x009c9368	_CGPathCloseSubpath
0x009c936c	_CGPathCreateMutable
0x009c9370	_CGPathMoveToPoint
0x009c9374	_CGPathRelease
0x009c9378	_CGRectApplyAffineTransform
0x009c937c	_CGRectContainsPoint
0x009c9380	_CGRectContainsRect
0x009c9384	_CGRectEqualToRect
0x009c9388	_CGRectGetHeight
0x009c938c	_CGRectGetMaxX
0x009c9390	_CGRectGetMaxY
0x009c9394	_CGRectGetMidX
0x009c9398	_CGRectGetMidY
0x009c939c	_CGRectGetMinX
0x009c93a0	_CGRectGetMinY
0x009c93a4	_CGRectGetWidth
0x009c93a8	_CGRectInset
0x009c93ac	_CGRectIntegral
0x009c93b0	_CGRectIntersection
0x009c93b4	_CGRectIntersectsRect
0x009c93b8	_CGRectIsNull
0x009c93bc	_CGRectOffset
0x009c93c0	_glAlphaFunc
0x009c93c4	_glBindBuffer
0x009c93c8	_glBindFramebufferOES
0x009c93cc	_glBindRenderbufferOES
0x009c93d0	_glBindTexture
0x009c93d4	_glBlendFunc
0x009c93d8	_glBufferData
0x009c93dc	_glBufferSubData
0x009c93e0	_glCheckFramebufferStatusOES
0x009c93e4	_glClear
0x009c93e8	_glClearColor
0x009c93ec	_glClearDepthf
0x009c93f0	_glClipPlanef
0x009c93f4	_glColor4f
0x009c93f8	_glColor4ub
0x009c93fc	_glColorMask
0x009c9400	_glColorPointer
0x009c9404	_glCompressedTexImage2D
0x009c9408	_glDeleteBuffers
0x009c940c	_glDeleteFramebuffersOES
0x009c9410	_glDeleteRenderbuffersOES
0x009c9414	_glDeleteTextures
0x009c9418	_glDepthFunc
0x009c941c	_glDisable
0x009c9420	_glDisableClientState
0x009c9424	_glDiscardFramebufferEXT
0x009c9428	_glDrawArrays
0x009c942c	_glDrawElements
0x009c9430	_glEnable
0x009c9434	_glEnableClientState
0x009c9438	_glFramebufferRenderbufferOES
0x009c943c	_glFramebufferTexture2DOES
0x009c9440	_glFrustumf
0x009c9444	_glGenBuffers
0x009c9448	_glGenFramebuffersOES
0x009c944c	_glGenRenderbuffersOES
0x009c9450	_glGenTextures
0x009c9454	_glGenerateMipmapOES
0x009c9458	_glGetError
0x009c945c	_glGetFloatv
0x009c9460	_glGetIntegerv
0x009c9464	_glGetRenderbufferParameterivOES
0x009c9468	_glGetString
0x009c946c	_glLineWidth
0x009c9470	_glLoadIdentity
0x009c9474	_glMatrixMode
0x009c9478	_glMultMatrixf
0x009c947c	_glOrthof
0x009c9480	_glPixelStorei
0x009c9484	_glPointSizePointerOES
0x009c9488	_glPopMatrix
0x009c948c	_glPushMatrix
0x009c9490	_glReadPixels
0x009c9494	_glRenderbufferStorageMultisampleAPPLE
0x009c9498	_glRenderbufferStorageOES
0x009c949c	_glResolveMultisampleFramebufferAPPLE
0x009c94a0	_glRotatef
0x009c94a4	_glScissor
0x009c94a8	_glTexCoordPointer
0x009c94ac	_glTexEnvi
0x009c94b0	_glTexImage2D
0x009c94b4	_glTexParameteri
0x009c94b8	_glTranslatef
0x009c94bc	_glVertexPointer
0x009c94c0	_glViewport
0x009c94c4	_CATransform3DMakeRotation
0x009c94c8	_CATransform3DMakeScale
0x009c94cc	_CATransform3DMakeTranslation
0x009c94d0	_CATransform3DRotate
0x009c94d4	_CGPointFromString
0x009c94d8	_CGRectFromString
0x009c94dc	_CGSizeFromString
0x009c94e0	_NSStringFromCGRect
0x009c94e4	_NSStringFromCGSize
0x009c94e8	_UIApplicationMain
0x009c94ec	_UIGraphicsBeginImageContext
0x009c94f0	_UIGraphicsEndImageContext
0x009c94f4	_UIGraphicsGetCurrentContext
0x009c94f8	_UIGraphicsGetImageFromCurrentImageContext
0x009c94fc	_UIGraphicsPopContext
0x009c9500	_UIGraphicsPushContext
0x009c9504	_UIImageJPEGRepresentation
0x009c9508	_UIImagePNGRepresentation
0x009c950c	_UIImageWriteToSavedPhotosAlbum
0x009c9510	_UIRectFill
0x009c9514	_UIRectFillUsingBlendMode
0x009c9518	_AudioFileClose
0x009c951c	_AudioFileGetProperty
0x009c9520	_AudioFileOpenURL
0x009c9524	_AudioFileReadBytes
0x009c9528	_AudioServicesAddSystemSoundCompletion
0x009c952c	_AudioServicesCreateSystemSoundID
0x009c9530	_AudioServicesPlayAlertSound
0x009c9534	_AudioServicesPlaySystemSound
0x009c9538	_AudioServicesRemoveSystemSoundCompletion
0x009c953c	_AudioSessionGetProperty
0x009c9540	_AudioSessionInitialize
0x009c9544	_ExtAudioFileDispose
0x009c9548	_ExtAudioFileGetProperty
0x009c954c	_ExtAudioFileOpenURL
0x009c9550	_ExtAudioFileRead
0x009c9554	_ExtAudioFileSetProperty
0x009c9558	_alBufferData
0x009c955c	_alDeleteBuffers
0x009c9560	_alDeleteSources
0x009c9564	_alGenBuffers
0x009c9568	_alGenSources
0x009c956c	_alGetError
0x009c9570	_alGetListenerf
0x009c9574	_alGetSourcef
0x009c9578	_alGetSourcefv
0x009c957c	_alGetSourcei
0x009c9580	_alListenerf
0x009c9584	_alSourcePause
0x009c9588	_alSourcePlay
0x009c958c	_alSourceRewind
0x009c9590	_alSourceStop
0x009c9594	_alSourcef
0x009c9598	_alSourcefv
0x009c959c	_alSourcei
0x009c95a0	_alcCloseDevice
0x009c95a4	_alcCreateContext
0x009c95a8	_alcDestroyContext
0x009c95ac	_alcGetContextsDevice
0x009c95b0	_alcGetCurrentContext
0x009c95b4	_alcGetProcAddress
0x009c95b8	_alcMakeContextCurrent
0x009c95bc	_alcOpenDevice
0x009c95c0	_CFHTTPAuthenticationCopyMethod
0x009c95c4	_CFHTTPAuthenticationCopyRealm
0x009c95c8	_CFHTTPAuthenticationCreateFromResponse
0x009c95cc	_CFHTTPAuthenticationIsValid
0x009c95d0	_CFHTTPAuthenticationRequiresAccountDomain
0x009c95d4	_CFHTTPAuthenticationRequiresUserNameAndPassword
0x009c95d8	_CFHTTPMessageApplyCredentialDictionary
0x009c95dc	_CFHTTPMessageCopyAllHeaderFields
0x009c95e0	_CFHTTPMessageCopyResponseStatusLine
0x009c95e4	_CFHTTPMessageCopyVersion
0x009c95e8	_CFHTTPMessageCreateRequest
0x009c95ec	_CFHTTPMessageGetResponseStatusCode
0x009c95f0	_CFHTTPMessageIsHeaderComplete
0x009c95f4	_CFHTTPMessageSetHeaderFieldValue
0x009c95f8	_CFNetworkCopyProxiesForAutoConfigurationScript
0x009c95fc	_CFNetworkCopyProxiesForURL
0x009c9600	_CFNetworkCopySystemProxySettings
0x009c9604	_CFReadStreamCreateForHTTPRequest
0x009c9608	_CFReadStreamCreateForStreamedHTTPRequest
0x009c960c	__ZNSt8ios_base4InitC1Ev
0x009c9610	__ZSt17__throw_bad_allocv
0x009c9614	__ZSt20__throw_length_errorPKc
0x009c9618	__ZSt9terminatev
0x009c961c	__ZdlPv
0x009c9620	__Znwm
0x009c9624	___cxa_guard_acquire
0x009c9628	___cxa_guard_release
0x009c962c	__Unwind_SjLj_Register
0x009c9630	__Unwind_SjLj_Resume
0x009c9634	__Unwind_SjLj_Unregister
0x009c9638	___divdi3
0x009c963c	___divsi3
0x009c9640	___fixdfdi
0x009c9644	___fixunsdfdi
0x009c9648	___floatdidf
0x009c964c	___floatundidf
0x009c9650	___floatundisf
0x009c9654	___modsi3
0x009c9658	___udivdi3
0x009c965c	___udivsi3
0x009c9660	___umoddi3
0x009c9664	___umodsi3
0x009c9668	_CFAbsoluteTimeGetCurrent
0x009c966c	_CFAbsoluteTimeGetGregorianDate
0x009c9670	_CFArrayAppendValue
0x009c9674	_CFArrayCreate
0x009c9678	_CFArrayCreateMutable
0x009c967c	_CFArrayGetCount
0x009c9680	_CFArrayGetValueAtIndex
0x009c9684	_CFArrayGetValues
0x009c9688	_CFArrayRemoveAllValues
0x009c968c	_CFBundleGetIdentifier
0x009c9690	_CFBundleGetInfoDictionary
0x009c9694	_CFBundleGetMainBundle
0x009c9698	_CFBundleGetValueForInfoDictionaryKey
0x009c969c	_CFBundleGetVersionNumber
0x009c96a0	_CFDataCreate
0x009c96a4	_CFDataCreateMutable
0x009c96a8	_CFDataCreateWithBytesNoCopy
0x009c96ac	_CFDataGetBytePtr
0x009c96b0	_CFDataGetBytes
0x009c96b4	_CFDataGetLength
0x009c96b8	_CFDataGetMutableBytePtr
0x009c96bc	_CFDataSetLength
0x009c96c0	_CFDictionaryAddValue
0x009c96c4	_CFDictionaryContainsKey
0x009c96c8	_CFDictionaryCreate
0x009c96cc	_CFDictionaryCreateMutable
0x009c96d0	_CFDictionaryGetCount
0x009c96d4	_CFDictionaryGetKeysAndValues
0x009c96d8	_CFDictionaryGetValue
0x009c96dc	_CFDictionaryGetValueIfPresent
0x009c96e0	_CFDictionaryRemoveValue
0x009c96e4	_CFDictionarySetValue
0x009c96e8	_CFEqual
0x009c96ec	_CFHash
0x009c96f0	_CFLocaleGetSystem
0x009c96f4	_CFMakeCollectable
0x009c96f8	_CFNotificationCenterAddObserver
0x009c96fc	_CFNotificationCenterGetLocalCenter
0x009c9700	_CFNumberCreate
0x009c9704	_CFNumberGetType
0x009c9708	_CFNumberGetValue
0x009c970c	_CFPropertyListCreateFromXMLData
0x009c9710	_CFReadStreamClose
0x009c9714	_CFReadStreamCopyError
0x009c9718	_CFReadStreamCopyProperty
0x009c971c	_CFReadStreamGetError
0x009c9720	_CFReadStreamGetStatus
0x009c9724	_CFReadStreamHasBytesAvailable
0x009c9728	_CFReadStreamOpen
0x009c972c	_CFReadStreamRead
0x009c9730	_CFReadStreamScheduleWithRunLoop
0x009c9734	_CFReadStreamSetClient
0x009c9738	_CFReadStreamSetProperty
0x009c973c	_CFReadStreamUnscheduleFromRunLoop
0x009c9740	_CFRelease
0x009c9744	_CFRetain
0x009c9748	_CFRunLoopAddObserver
0x009c974c	_CFRunLoopAddSource
0x009c9750	_CFRunLoopAddTimer
0x009c9754	_CFRunLoopContainsTimer
0x009c9758	_CFRunLoopCopyAllModes
0x009c975c	_CFRunLoopGetCurrent
0x009c9760	_CFRunLoopGetMain
0x009c9764	_CFRunLoopObserverCreate
0x009c9768	_CFRunLoopRemoveObserver
0x009c976c	_CFRunLoopRemoveSource
0x009c9770	_CFRunLoopRemoveTimer
0x009c9774	_CFRunLoopRun
0x009c9778	_CFRunLoopRunInMode
0x009c977c	_CFRunLoopSourceCreate
0x009c9780	_CFRunLoopStop
0x009c9784	_CFSocketConnectToAddress
0x009c9788	_CFSocketCopyAddress
0x009c978c	_CFSocketCopyPeerAddress
0x009c9790	_CFSocketCreate
0x009c9794	_CFSocketCreateRunLoopSource
0x009c9798	_CFSocketCreateWithNative
0x009c979c	_CFSocketGetNative
0x009c97a0	_CFSocketInvalidate
0x009c97a4	_CFSocketSetAddress
0x009c97a8	_CFSocketSetSocketFlags
0x009c97ac	_CFStreamCreatePairWithSocket
0x009c97b0	_CFStreamCreatePairWithSocketToHost
0x009c97b4	_CFStringAppend
0x009c97b8	_CFStringAppendCharacters
0x009c97bc	_CFStringAppendFormat
0x009c97c0	_CFStringCompare
0x009c97c4	_CFStringConvertEncodingToIANACharSetName
0x009c97c8	_CFStringConvertEncodingToNSStringEncoding
0x009c97cc	_CFStringConvertIANACharSetNameToEncoding
0x009c97d0	_CFStringConvertNSStringEncodingToEncoding
0x009c97d4	_CFStringCreateArrayBySeparatingStrings
0x009c97d8	_CFStringCreateCopy
0x009c97dc	_CFStringCreateMutable
0x009c97e0	_CFStringCreateMutableCopy
0x009c97e4	_CFStringCreateWithBytes
0x009c97e8	_CFStringCreateWithBytesNoCopy
0x009c97ec	_CFStringCreateWithCString
0x009c97f0	_CFStringCreateWithFormat
0x009c97f4	_CFStringCreateWithSubstring
0x009c97f8	_CFStringFind
0x009c97fc	_CFStringGetBytes
0x009c9800	_CFStringGetCString
0x009c9804	_CFStringGetCStringPtr
0x009c9808	_CFStringGetFastestEncoding
0x009c980c	_CFStringGetIntValue
0x009c9810	_CFStringGetLength
0x009c9814	_CFStringGetMaximumSizeForEncoding
0x009c9818	_CFStringHasPrefix
0x009c981c	_CFStringHasSuffix
0x009c9820	_CFStringLowercase
0x009c9824	_CFTimeZoneCopySystem
0x009c9828	_CFURLCopyPassword
0x009c982c	_CFURLCopyPathExtension
0x009c9830	_CFURLCopyUserName
0x009c9834	_CFURLCreateStringByAddingPercentEscapes
0x009c9838	_CFURLCreateStringByReplacingPercentEscapesUsingEncoding
0x009c983c	_CFUUIDCreate
0x009c9840	_CFUUIDCreateFromUUIDBytes
0x009c9844	_CFUUIDCreateString
0x009c9848	_CFUUIDGetUUIDBytes
0x009c984c	_CFWriteStreamCanAcceptBytes
0x009c9850	_CFWriteStreamClose
0x009c9854	_CFWriteStreamCopyError
0x009c9858	_CFWriteStreamGetError
0x009c985c	_CFWriteStreamGetStatus
0x009c9860	_CFWriteStreamOpen
0x009c9864	_CFWriteStreamScheduleWithRunLoop
0x009c9868	_CFWriteStreamSetClient
0x009c986c	_CFWriteStreamSetProperty
0x009c9870	_CFWriteStreamUnscheduleFromRunLoop
0x009c9874	_CFWriteStreamWrite
